dh_utc;temperature;pression;pression_variation_3h;humidite;point_de_rosee;visibilite;vent_moyen;vent_rafales;vent_rafales_10min;vent_direction;temperature_min;temperature_max;pluie_1h;pluie_3h;pluie_6h;pluie_12h;pluie_24h;pluie_cumul_0h;pluie_intensite;pluie_intensite_max_1h;uv;uv_index;ensoleillement;temperature_sol
YYYY-MM-DD hh:mm:ss;°C;hPa;hPa;%;°C;m;km/h;km/h;km/h;deg;°C;°C;mm;mm;mm;mm;mm;mm;mm/h;mm/h;W/m²;UV Index;hours;°C
14/04/2025 00:00;12.9;1009.9;;93;11.7;;4.8;;9.7;180;12.9;13.6;0;;1.2;1.2;1.2;0;0;0;0;0;;
14/04/2025 00:10;12.9;1009.8;;93;11.7;;4.8;;12.9;187;12.9;13.6;;;;;;0;0;0;0;0;;
14/04/2025 00:20;12.9;1009.9;;93;11.7;;6.4;;11.3;192;12.9;13.6;;;;;;0;0;0;0;0;;
14/04/2025 00:30;12.9;1009.7;;92;11.7;;3.2;;12.9;196;12.9;13.6;;;;;;0;0;0;0;0;;
14/04/2025 00:40;12.8;1009.6;;92;11.7;;4.8;;9.7;201;12.8;13.6;;;;;;0;0;0;0;0;;
14/04/2025 00:50;12.9;1009.4;;92;11.7;;3.2;;9.7;194;12.8;13.6;;;;;;0;0;0;0;0;;
14/04/2025 01:00;12.9;1009.4;;92;11.7;;4.8;;9.7;210;12.8;13.6;0;;0.2;1.2;1.2;0;0;0;0;0;;
14/04/2025 01:10;13;1009.4;;92;11.7;;3.2;;9.7;208;12.8;13.6;;;;;;0;0;0;0;0;;
14/04/2025 01:20;12.9;1009.3;;92;11.7;;3.2;;6.4;144;12.8;13.6;;;;;;0;0;0;0;0;;
14/04/2025 01:30;12.9;1009.3;;92;11.7;;3.2;;6.4;191;12.8;13.6;;;;;;0;0;0;0;0;;
14/04/2025 01:40;12.9;1009.3;;92;11.7;;1.6;;4.8;191;12.8;13.6;;;;;;0;0;0;0;0;;
14/04/2025 01:50;12.9;1009.4;;92;11.7;;3.2;;6.4;149;12.8;13.6;;;;;;0.3;0;0;0;0;;
14/04/2025 02:00;12.9;1009.4;;92;11.7;;4.8;;11.3;119;12.8;13.6;0.3;0.3;0.3;1.5;1.5;0.3;0;0;0;0;;
14/04/2025 02:10;12.9;1009.3;;91;11.7;;3.2;;6.4;183;12.8;13.6;;;;;;0.3;0;0;0;0;;
14/04/2025 02:20;12.9;1009.3;;91;11.7;;3.2;;8;194;12.8;13.6;;;;;;0.3;0;0;0;0;;
14/04/2025 02:30;12.9;1009.3;;91;11.7;;4.8;;8;165;12.8;13.6;;;;;;0.3;0;0;0;0;;
14/04/2025 02:40;12.9;1009.2;;91;11.7;;1.6;;8;95;12.8;13.6;;;;;;0.3;0;0;0;0;;
14/04/2025 02:50;12.9;1009.2;;91;11.7;;1.6;;6.4;115;12.8;13.6;;;;;;0.3;0;0;0;0;;
14/04/2025 03:00;12.9;1009.2;-0.7;91;11.7;;3.2;;9.7;198;12.8;13.6;0;0.3;0.3;1.5;1.5;0.3;0;0;0;0;;
14/04/2025 03:10;12.9;1009.2;-0.7;91;11.7;;3.2;;8;180;12.8;13.6;;;;;;0.3;0;0;0;0;;
14/04/2025 03:20;12.9;1009.1;-0.8;91;11.7;;3.2;;6.4;230;12.8;13.6;;;;;;0.3;0;0;0;0;;
14/04/2025 03:30;12.8;1009;-0.9;91;11.7;;1.6;;8;237;12.8;13.6;;;;;;0.3;0;0;0;0;;
14/04/2025 03:40;12.7;1009;-0.9;91;11.1;;3.2;;6.4;212;12.7;13.6;;;;;;0.3;0;0;0;0;;
14/04/2025 03:50;12.7;1009;-0.9;91;11.1;;1.6;;6.4;195;12.7;13.6;;;;;;0.3;0;0;0;0;;
14/04/2025 04:00;12.7;1009.2;-0.2;91;11.1;;1.6;;4.8;195;12.7;13.6;0;0.3;0.3;1.5;1.5;0.3;0;0;0;0;;
14/04/2025 04:10;12.7;1009.3;-0.1;91;11.1;;3.2;;8;195;12.7;13.6;;;;;;0.3;0;0;0;0;;
14/04/2025 04:20;12.7;1009.2;-0.2;91;11.1;;4.8;;9.7;196;12.7;13.6;;;;;;0.3;0;0;0;0;;
14/04/2025 04:30;12.7;1009.1;-0.3;91;11.1;;3.2;;8;175;12.7;13.6;;;;;;0.3;0;0;0;0;;
14/04/2025 04:40;12.7;1009.2;-0.2;91;11.1;;3.2;;9.7;184;12.7;13.6;;;;;;0.3;0;0;0;0;;
14/04/2025 04:50;12.7;1009.2;-0.2;91;11.1;;3.2;;6.4;205;12.7;13.6;;;;;;0.3;0;0;0;0;;
14/04/2025 05:00;12.7;1009.1;-0.3;91;11.1;;3.2;;9.7;189;12.7;13.6;0;;0.3;1.5;1.5;0.3;0;0;0;0;;
14/04/2025 05:10;12.7;1009.1;-0.3;91;11.1;;1.6;;6.4;178;12.7;13.6;;;;;;0.3;0;0;0;0;;
14/04/2025 05:20;12.7;1009.2;-0.2;91;11.1;;1.6;;8;208;12.7;13.6;;;;;;0.3;0;0;0;0;;
14/04/2025 05:30;12.6;1009;-0.4;91;11.1;;3.2;;6.4;264;12.6;13.6;;;;;;0.3;0;0;5;0;;
14/04/2025 05:40;12.6;1009;-0.4;91;11.1;;1.6;;6.4;232;12.6;13.6;;;;;;0.3;0;0;5;0;;
14/04/2025 05:50;12.6;1008.9;-0.5;91;11.1;;1.6;;6.4;232;12.6;13.6;;;;;;0.3;0;0;11;0;;
14/04/2025 06:00;12.6;1009;-0.2;91;11.1;;3.2;;8;229;12.6;13.6;0;;0.3;1.5;1.5;0.3;0;0;19;0;;
14/04/2025 06:10;12.6;1009;-0.2;91;11.1;;1.6;;4.8;229;12.6;13.6;;;;;;0.3;0;0;21;0;;
14/04/2025 06:20;12.7;1009.1;-0.1;91;11.1;;4.8;;8;198;12.6;13.6;;;;;;0.3;0;0;19;0;;
14/04/2025 06:30;12.6;1008.9;-0.3;91;11.1;;3.2;;6.4;193;12.6;13.6;;;;;;0.3;0;0;28;0;;
14/04/2025 06:40;12.6;1008.9;-0.3;90;11.1;;4.8;;8;204;12.6;13.6;;;;;;0.3;0;0;39;0;;
14/04/2025 06:50;12.6;1008.8;-0.4;91;11.1;;3.2;;8;208;12.6;13.6;;;;;;0.3;0;0;63;0;;
14/04/2025 07:00;12.7;1008.8;-0.4;91;11.1;;3.2;;6.4;171;12.6;13.6;0;;0.3;0.5;1.5;0.3;0;0;76;0;;
14/04/2025 07:10;12.8;1008.6;-0.6;91;11.7;;3.2;;8;234;12.6;13.6;;;;;;0.3;0;0;91;0.5;;
14/04/2025 07:20;12.9;1008.6;-0.6;90;11.1;;1.6;;6.4;234;12.6;13.6;;;;;;0.3;0;0;91;0.5;;
14/04/2025 07:30;13;1008.5;-0.7;90;11.7;;1.6;;4.8;234;12.6;13.6;;;;;;0.3;0;0;153;0.8;;
14/04/2025 07:40;13.1;1008.5;-0.7;90;11.7;;3.2;;6.4;215;12.6;13.6;;;;;;0.3;0;0;128;0.8;;
14/04/2025 07:50;13.3;1008.6;-0.6;90;11.7;;3.2;;8;222;12.6;13.6;;;;;;0.3;0;0;162;0.9;;
14/04/2025 08:00;13.3;1008.5;-0.6;89;11.7;;3.2;;8;207;12.6;13.6;0;;;0.3;1.5;0.3;0;0;160;0.9;;
14/04/2025 08:10;13.6;1008.5;-0.6;89;11.7;;4.8;;8;229;12.6;13.6;;;;;;0.3;0;0;169;0.9;;
14/04/2025 08:20;13.6;1008.5;-0.6;89;11.7;;4.8;;9.7;209;12.6;13.6;;;;;;0.3;0;0;163;0.9;;
14/04/2025 08:30;13.7;1008.3;-0.8;88;11.7;;1.6;;8;194;12.6;13.7;;;;;;0.3;0;0;183;1.1;;
14/04/2025 08:40;13.8;1008.2;-0.9;89;12.2;;3.2;;6.4;254;12.6;13.8;;;;;;0.3;0;0;207;1.3;;
14/04/2025 08:50;14;1008.2;-0.9;88;12.2;;3.2;;8;200;12.6;14;;;;;;0.3;0;0;181;1.5;;
14/04/2025 09:00;14.2;1008.1;-0.9;88;12.2;;1.6;;8;168;12.6;14.2;0;;;0.3;1.5;0.3;0;0;202;1.2;;
14/04/2025 09:10;14.4;1008.1;-0.9;88;12.8;;3.2;;4.8;167;12.6;14.4;;;;;;0.3;0;0;274;1.6;;
14/04/2025 09:20;14.8;1007.9;-1.1;87;12.8;;3.2;;6.4;170;12.6;14.8;;;;;;0.3;0;0;278;1.6;;
14/04/2025 09:30;14.9;1007.8;-1.2;86;12.8;;3.2;;9.7;194;12.6;14.9;;;;;;0.3;0;0;510;2.6;;
14/04/2025 09:40;15.1;1007.8;-1.2;86;12.8;;4.8;;9.7;215;12.6;15.1;;;;;;0.3;0;0;188;1.3;;
14/04/2025 09:50;15;1007.7;-1.3;85;12.8;;3.2;;6.4;192;12.6;15.1;;;;;;0.3;0;0;244;1.7;;
14/04/2025 10:00;15.2;1007.7;-1.1;85;12.8;;1.6;;6.4;244;12.6;15.2;0;;;0.3;1.5;0.3;0;0;206;1.8;;
14/04/2025 10:10;15.4;1007.5;-1.3;85;12.8;;1.6;;6.4;207;12.6;15.4;;;;;;0.3;0;0;230;1.6;;
14/04/2025 10:20;15.7;1007.3;-1.5;83;12.8;;1.6;;6.4;128;12.6;15.7;;;;;;0.3;0;0;338;2.3;;
14/04/2025 10:30;16.2;1007.2;-1.6;83;13.3;;1.6;;4.8;159;12.6;16.2;;;;;;0.3;0;0;374;2.4;;
14/04/2025 10:40;16.8;1007;-1.8;82;13.9;;3.2;;8;202;12.6;16.8;;;;;;0.3;0;0;751;3.7;;
14/04/2025 10:50;17.4;1006.9;-1.9;80;13.9;;4.8;;11.3;139;12.6;17.4;;;;;;0.3;0;0;840;4.8;;
14/04/2025 11:00;18;1006.7;-1.8;80;14.4;;4.8;;14.5;117;12.6;18;0;;;0.3;1.5;0.3;0;0;995;5;;
14/04/2025 11:10;18.8;1006.5;-2;77;14.4;;6.4;;11.3;76;12.6;18.8;;;;;;0.3;0;0;722;4.8;;
14/04/2025 11:20;19.2;1006.4;-2.1;71;13.9;;8;;19.3;192;12.6;19.3;;;;;;0.3;0;0;543;3.7;;
14/04/2025 11:30;18.9;1006.2;-2.3;70;13.3;;9.7;;20.9;132;12.6;19.3;;;;;;0.3;0;0;339;2.7;;
14/04/2025 11:40;18.6;1006.1;-2.4;71;13.3;;8;;16.1;187;12.6;19.3;;;;;;0.3;0;0;322;2.6;;
14/04/2025 11:50;18.7;1006;-2.5;72;13.3;;8;;20.9;143;12.6;19.3;;;;;;0.3;0;0;278;2.3;;
14/04/2025 12:00;18.6;1005.9;-2.2;72;13.3;;6.4;;14.5;188;12.6;19.3;0;;;0.3;1.5;0.3;0;0;306;2.4;;
14/04/2025 12:10;18.7;1005.7;-2.4;73;13.9;;8;;16.1;233;12.6;19.3;;;;;;0.3;0;0;320;2.3;;
14/04/2025 12:20;18.8;1005.7;-2.4;71;13.3;;11.3;;19.3;148;12.6;19.3;;;;;;0.3;0;0;381;2.7;;
14/04/2025 12:30;18.9;1005.5;-2.6;70;13.3;;9.7;;20.9;188;12.6;19.3;;;;;;0.3;0;0;374;2.6;;
14/04/2025 12:40;19.1;1005.2;-2.9;70;13.3;;11.3;;17.7;192;12.6;19.3;;;;;;0.3;0;0;462;2.8;;
14/04/2025 12:50;19.4;1004.9;-3.2;70;13.9;;8;;16.1;205;12.6;19.4;;;;;;0.3;0;0;432;3;;
14/04/2025 13:00;20.1;1004.6;-3.1;68;13.9;;6.4;;16.1;200;12.6;20.1;0;;;0.3;1.5;0.3;0;0;780;4.3;;
14/04/2025 13:10;20.8;1004.4;-3.3;65;13.9;;6.4;;17.7;165;12.6;20.8;;;;;;0.3;0;0;612;3.2;;
14/04/2025 13:20;20.8;1004.2;-3.5;66;14.4;;6.4;;14.5;188;12.6;20.8;;;;;;0.3;0;0;714;3.3;;
14/04/2025 13:30;20.9;1004;-3.7;64;13.9;;6.4;;17.7;162;12.6;20.9;;;;;;0.3;0;0;656;3.4;;
14/04/2025 13:40;20.8;1003.9;-3.8;63;13.3;;11.3;;20.9;136;12.6;20.9;;;;;;0.3;0;0;585;2.6;;
14/04/2025 13:50;20.6;1003.6;-4.1;65;13.9;;8;;19.3;176;12.6;20.9;;;;;;0.3;0;0;374;2.5;;
14/04/2025 14:00;20.8;1003.4;-3.3;65;13.9;;9.7;;16.1;159;12.6;20.9;0;;;;1.5;0.3;0;0;329;2.2;;
14/04/2025 14:10;20.6;1003.2;-3.5;65;13.9;;11.3;;19.3;160;12.6;20.9;;;;;;0.3;0;0;269;1.9;;
14/04/2025 14:20;20.4;1003.1;-3.6;64;13.3;;6.4;;17.7;86;12.6;20.9;;;;;;0.3;0;0;227;1.7;;
14/04/2025 14:30;20.3;1003;-3.7;66;13.9;;8;;17.7;127;12.6;20.9;;;;;;0.3;0;0;193;1.6;;
14/04/2025 14:40;20.2;1002.9;-3.8;67;13.9;;9.7;;22.5;152;12.6;20.9;;;;;;0.3;0;0;171;1.5;;
14/04/2025 14:50;20.1;1002.8;-3.9;67;13.9;;8;;16.1;110;12.6;20.9;;;;;;0.3;0;0;137;1.4;;
14/04/2025 15:00;20;1002.7;-3.2;66;13.3;;8;;14.5;112;12.6;20.9;0;;;;1.5;0.3;0;0;98;1.3;;
14/04/2025 15:10;19.9;1002.6;-3.3;65;13.3;;4.8;;12.9;182;12.6;20.9;;;;;;0.3;0;0;107;1.3;;
14/04/2025 15:20;20.4;1002.3;-3.6;65;13.3;;4.8;;19.3;98;12.6;20.9;;;;;;0.3;0;0;503;1.7;;
14/04/2025 15:30;20.7;1002.2;-3.7;62;13.3;;8;;20.9;225;12.6;20.9;;;;;;0.3;0;0;120;1;;
14/04/2025 15:40;20.6;1002.1;-3.8;63;13.3;;6.4;;17.7;34;12.6;20.9;;;;;;0.3;0;0;156;1.1;;
14/04/2025 15:50;20.5;1001.9;-4;63;13.3;;6.4;;20.9;145;12.6;20.9;;;;;;0.3;0;0;285;1.1;;
14/04/2025 16:00;20.7;1001.8;-2.8;62;13.3;;8;;16.1;173;12.6;20.9;0;;;;1.5;0.3;0;0;141;0.9;;
14/04/2025 16:10;20.6;1001.7;-2.9;63;13.3;;9.7;;19.3;78;12.6;20.9;;;;;;0.3;0;0;269;1;;
14/04/2025 16:20;21;1001.6;-3;63;13.9;;8;;22.5;109;12.6;21;;;;;;0.3;0;0;262;0.9;;
14/04/2025 16:30;21.1;1001.6;-3;61;13.3;;8;;22.5;180;12.6;21.1;;;;;;0.3;0;0;165;0.6;;
14/04/2025 16:40;21;1001.5;-3.1;62;13.3;;11.3;;20.9;166;12.6;21.1;;;;;;0.3;0;0;246;0.5;;
14/04/2025 16:50;21.1;1001.5;-3.1;62;13.3;;9.7;;16.1;123;12.6;21.1;;;;;;0.3;0;0;221;0;;
14/04/2025 17:00;21.1;1001.5;-1.9;62;13.3;;8;;16.1;225;12.6;21.2;0;;;;1.5;0.3;0;0;95;0;;
14/04/2025 17:10;20.7;1001.5;-1.9;61;12.8;;9.7;;22.5;189;12.6;21.2;;;;;;0.3;0;0;167;0;;
14/04/2025 17:20;20.7;1001.5;-1.9;60;12.8;;11.3;;25.7;170;12.6;21.2;;;;;;0.3;0;0;127;0;;
14/04/2025 17:30;20.3;1001.5;-1.9;61;12.2;;11.3;;25.7;145;12.6;21.2;;;;;;0.3;0;0;56;0;;
14/04/2025 17:40;19.9;1001.4;-2;63;12.8;;9.7;;19.3;137;12.6;21.2;;;;;;0.3;0;0;42;0;;
14/04/2025 17:50;19.7;1001.3;-2.1;64;12.8;;9.7;;24.1;151;12.6;21.2;;;;;;0.3;0;0;25;0;;
14/04/2025 18:00;19.5;1001.3;-1.4;65;12.8;;8;;16.1;161;12.6;21.2;0;;;;1.5;0.3;0;0;12;0;;
14/04/2025 18:10;19.3;1001.4;-1.3;66;12.8;;9.7;;22.5;130;12.6;21.2;;;;;;0.3;0;0;0;0;;
14/04/2025 18:20;19.1;1001.4;-1.3;67;12.8;;9.7;;17.7;194;12.6;21.2;;;;;;0.3;0;0;0;0;;
14/04/2025 18:30;18.9;1001.4;-1.3;68;12.8;;9.7;;20.9;166;12.6;21.2;;;;;;0.3;0;0;0;0;;
14/04/2025 18:40;18.7;1001.5;-1.2;69;12.8;;8;;22.5;175;12.6;21.2;;;;;;0.3;0;0;0;0;;
14/04/2025 18:50;18.6;1001.5;-1.2;70;12.8;;9.7;;19.3;129;12.6;21.2;;;;;;0.3;0;0;0;0;;
14/04/2025 19:00;18.4;1001.4;-0.4;70;12.8;;11.3;;22.5;156;12.6;21.2;0;;;;0.5;0.3;0;0;0;0;;
14/04/2025 19:10;18.3;1001.4;-0.4;71;12.8;;8;;17.7;182;12.6;21.2;;;;;;0.3;0;0;0;0;;
14/04/2025 19:20;18.1;1001.4;-0.4;71;12.8;;8;;17.7;163;12.6;21.2;;;;;;0.3;0;0;0;0;;
14/04/2025 19:30;18;1001.5;-0.3;72;12.8;;8;;17.7;113;12.6;21.2;;;;;;0.3;0;0;0;0;;
14/04/2025 19:40;17.9;1001.4;-0.4;73;12.8;;8;;16.1;132;12.6;21.2;;;;;;0.3;0;0;0;0;;
14/04/2025 19:50;17.7;1001.5;-0.3;73;12.8;;6.4;;16.1;139;12.6;21.2;;;;;;0.3;0;0;0;0;;
14/04/2025 20:00;17.6;1001.5;;74;12.8;;9.7;;17.7;128;12.6;21.2;0;;;;0.3;0.3;0;0;0;0;;
14/04/2025 20:10;17.6;1001.3;-0.2;74;12.8;;8;;19.3;129;12.6;21.2;;;;;;0.3;0;0;0;0;;
14/04/2025 20:20;17.6;1001.3;-0.2;74;12.8;;8;;16.1;145;12.6;21.2;;;;;;0.3;0;0;0;0;;
14/04/2025 20:30;17.5;1001.3;-0.2;74;12.8;;8;;19.3;134;12.6;21.2;;;;;;0.3;0;0;0;0;;
14/04/2025 20:40;17.5;1001.2;-0.3;73;12.8;;8;;17.7;174;12.6;21.2;;;;;;0.3;0;0;0;0;;
14/04/2025 20:50;17.3;1001.2;-0.3;73;12.2;;6.4;;16.1;132;12.6;21.2;;;;;;0.3;0;0;0;0;;
14/04/2025 21:00;17.2;1001.3;;74;12.8;;6.4;;14.5;176;12.6;21.2;0;;;;0.3;0.3;0;0;0;0;;
14/04/2025 21:10;17.1;1001.2;-0.1;74;12.2;;8;;14.5;196;12.6;21.2;;;;;;0.3;0;0;0;0;;
14/04/2025 21:20;16.9;1001.1;-0.2;75;12.8;;6.4;;17.7;142;12.6;21.2;;;;;;0.3;0;0;0;0;;
14/04/2025 21:30;16.8;1001.1;-0.2;76;12.8;;8;;17.7;137;12.6;21.2;;;;;;0.3;0;0;0;0;;
14/04/2025 21:40;16.7;1001;-0.3;77;12.8;;8;;17.7;169;12.6;21.2;;;;;;0.3;0;0;0;0;;
14/04/2025 21:50;16.6;1001;-0.3;77;12.8;;8;;19.3;202;12.6;21.2;;;;;;0.3;0;0;0;0;;
14/04/2025 22:00;16.6;1000.9;-0.5;76;12.2;;8;;16.1;202;16.6;16.6;0;;;;0.3;0;0;0;0;0;;
14/04/2025 22:10;16.6;1000.7;-0.7;77;12.8;;8;;16.1;185;16.6;16.6;;;;;;0;0;0;0;0;;
14/04/2025 22:20;16.6;1000.7;-0.7;77;12.8;;8;;14.5;107;16.6;16.6;;;;;;0;0;0;0;0;;
14/04/2025 22:30;16.5;1000.5;-0.9;78;12.8;;8;;16.1;82;16.5;16.6;;;;;;0;0;0;0;0;;
14/04/2025 22:40;16.4;1000.5;-0.9;78;12.8;;6.4;;16.1;120;16.4;16.6;;;;;;0;0;0;0;0;;
14/04/2025 22:50;16.3;1000.5;-0.9;79;12.8;;6.4;;14.5;161;16.3;16.6;;;;;;0;0;0;0;0;;
14/04/2025 23:00;16.2;1000.4;-1.1;80;12.8;;4.8;;14.5;185;16.2;16.6;0;;;;0.3;0;0;0;0;0;;
14/04/2025 23:10;16;1000.4;-1.1;81;12.8;;4.8;;11.3;138;16;16.6;;;;;;0;0;0;0;0;;
14/04/2025 23:20;15.9;1000.3;-1.2;81;12.8;;3.2;;12.9;182;15.9;16.6;;;;;;0;0;0;0;0;;
14/04/2025 23:30;15.9;1000.3;-1.2;82;12.8;;4.8;;16.1;161;15.9;16.6;;;;;;0;0;0;0;0;;
14/04/2025 23:40;15.8;1000.3;-1.2;82;12.8;;3.2;;9.7;115;15.8;16.6;;;;;;0;0;0;0;0;;
14/04/2025 23:50;15.7;1000.2;-1.3;83;12.8;;3.2;;11.3;110;15.7;16.6;;;;;;0;0;0;0;0;;
15/04/2025 00:00;15.7;1000.3;;83;12.8;;3.2;;9.7;106;15.7;16.6;0;;;;0.3;0;0;0;0;0;;
15/04/2025 00:10;15.6;1000.2;;84;12.8;;1.6;;8;169;15.6;16.6;;;;;;0;0;0;0;0;;
15/04/2025 00:20;15.5;1000;;84;12.8;;3.2;;11.3;125;15.5;16.6;;;;;;0;0;0;0;0;;
15/04/2025 00:30;15.4;999.9;;84;12.8;;3.2;;11.3;96;15.4;16.6;;;;;;0;0;0;0;0;;
15/04/2025 00:40;15.4;999.5;;85;12.8;;4.8;;11.3;150;15.4;16.6;;;;;;0;0;0;0;0;;
15/04/2025 00:50;15.3;999.5;;85;12.8;;3.2;;8;130;15.3;16.6;;;;;;0;0;0;0;0;;
15/04/2025 01:00;15.2;999.5;;85;12.8;;3.2;;11.3;114;15.2;16.6;0;;;;0.3;0;0;0;0;0;;
15/04/2025 01:10;15.2;999.5;;85;12.8;;3.2;;11.3;112;15.2;16.6;;;;;;0;0;0;0;0;;
15/04/2025 01:20;15.2;999.5;;85;12.8;;4.8;;11.3;192;15.2;16.6;;;;;;0;0;0;0;0;;
15/04/2025 01:30;15.3;999.5;;85;12.8;;6.4;;12.9;171;15.2;16.6;;;;;;0;0;0;0;0;;
15/04/2025 01:40;15.4;999.4;;85;12.8;;6.4;;17.7;136;15.2;16.6;;;;;;0;0;0;0;0;;
15/04/2025 01:50;15.4;999.4;;84;12.8;;8;;19.3;211;15.2;16.6;;;;;;0;0;0;0;0;;
15/04/2025 02:00;15.4;999.3;;84;12.8;;9.7;;14.5;164;15.2;16.6;0;;;;;0;0;0;0;0;;
15/04/2025 02:10;15.4;999.3;;84;12.8;;6.4;;12.9;180;15.2;16.6;;;;;;0;0;0;0;0;;
15/04/2025 02:20;15.4;999.1;;84;12.8;;8;;20.9;182;15.2;16.6;;;;;;0;0;0;0;0;;
15/04/2025 02:30;15.4;999.2;;84;12.8;;8;;19.3;154;15.2;16.6;;;;;;0;0;0;0;0;;
15/04/2025 02:40;15.3;999.1;;85;12.8;;6.4;;16.1;188;15.2;16.6;;;;;;0;0;0;0;0;;
15/04/2025 02:50;15.3;999.1;;85;12.8;;8;;20.9;188;15.2;16.6;;;;;;0;0;0;0;0;;
15/04/2025 03:00;15.3;999;-1.3;84;12.8;;11.3;;25.7;175;15.2;16.6;0;;;;;0;0;0;0;0;;
15/04/2025 03:10;15.3;998.8;-1.5;84;12.8;;9.7;;17.7;174;15.2;16.6;;;;;;0;0;0;0;0;;
15/04/2025 03:20;15.4;998.9;-1.4;84;12.8;;9.7;;25.7;153;15.2;16.6;;;;;;0;0;0;0;0;;
15/04/2025 03:30;15.3;999;-1.3;84;12.8;;9.7;;22.5;174;15.2;16.6;;;;;;0;0;0;0;0;;
15/04/2025 03:40;15.3;998.9;-1.4;85;12.8;;8;;17.7;166;15.2;16.6;;;;;;0;0;0;0;0;;
15/04/2025 03:50;15.3;999;-1.3;85;12.8;;9.7;;19.3;177;15.2;16.6;;;;;;0;0;0;0;0;;
15/04/2025 04:00;15.3;999.1;-0.4;85;12.8;;6.4;;14.5;182;15.2;16.6;0;;;;;0;0;0;0;0;;
15/04/2025 04:10;15;999.4;-0.1;85;12.8;;14.5;;27.4;173;15;16.6;;;;;;0;0;0;0;0;;
15/04/2025 04:20;14.2;999.5;;85;11.7;;14.5;;29;160;14.2;16.6;;;;;;0;0;0;0;0;;
15/04/2025 04:30;13.6;999.7;0.2;86;11.1;;11.3;;19.3;183;13.5;16.6;;;;;;0;0;0;0;0;;
15/04/2025 04:40;13.1;999.8;0.3;87;11.1;;6.4;;19.3;198;13.1;16.6;;;;;;0.3;0;0;0;0;;
15/04/2025 04:50;12.7;999.8;0.3;87;10.6;;8;;16.1;191;12.7;16.6;;;;;;1;5.1;5.1;0;0;;
15/04/2025 05:00;12.5;999.8;0.5;88;10.6;;4.8;;9.7;182;12.5;16.6;1.3;1.3;1.3;1.3;1.3;1.3;2.3;2.3;0;0;;
15/04/2025 05:10;12.4;999.8;0.5;89;10.6;;3.2;;8;182;12.4;16.6;;;;;;1.5;1.3;2.3;5;0;;
15/04/2025 05:20;12.4;999.9;0.6;89;10.6;;4.8;;9.7;188;12.4;16.6;;;;;;1.8;1.5;2.3;9;0;;
15/04/2025 05:30;12.4;1000;0.7;90;11.1;;3.2;;9.7;167;12.3;16.6;;;;;;1.8;1;2.3;12;0;;
15/04/2025 05:40;12.3;1000;0.7;90;10.6;;6.4;;11.3;181;12.3;16.6;;;;;;2;1;2.3;18;0;;
15/04/2025 05:50;12.3;1000;0.7;90;10.6;;6.4;;12.9;194;12.3;16.6;;;;;;2;0;2.3;18;0;;
15/04/2025 06:00;12.3;1000;1;90;10.6;;3.2;;9.7;200;12.3;16.6;1;2.3;2.3;2.3;2.3;2.3;0;0;32;0;;
15/04/2025 06:10;12.3;1000;1;91;11.1;;3.2;;8;200;12.3;16.6;;;;;;2.3;0;0;28;0;;
15/04/2025 06:20;12.4;999.8;0.8;91;11.1;;1.6;;6.4;200;12.3;16.6;;;;;;2.5;0;0;7;0;;
15/04/2025 06:30;12.4;999.7;0.7;91;11.1;;1.6;;6.4;81;12.3;16.6;;;;;;3;4.1;0;16;0;;
15/04/2025 06:40;12.4;999.8;0.8;91;11.1;;1.6;;8;169;12.3;16.6;;;;;;3.3;2.3;0;32;0;;
15/04/2025 06:50;12.4;999.8;0.8;92;11.1;;1.6;;8;168;12.3;16.6;;;;;;3.3;1;4.1;49;0;;
15/04/2025 07:00;12.7;999.9;0.8;92;11.7;;3.2;;11.3;136;12.3;16.6;1;3.3;3.3;3.3;3.3;3.3;0;0;67;0;;
15/04/2025 07:10;12.8;1000;0.9;92;11.7;;4.8;;11.3;153;12.3;16.6;;;;;;3.3;0;0;81;0.5;;
15/04/2025 07:20;12.8;1000.2;1.1;92;11.7;;6.4;;11.3;178;12.3;16.6;;;;;;3.3;0;0;72;0;;
15/04/2025 07:30;12.9;1000.3;1.2;92;11.7;;6.4;;14.5;150;12.3;16.6;;;;;;3.6;0;0;120;0.7;;
15/04/2025 07:40;13;1000.1;1;92;11.7;;6.4;;14.5;187;12.3;16.6;;;;;;3.6;0;0;123;0.7;;
15/04/2025 07:50;12.8;1000.1;1;91;11.7;;6.4;;16.1;163;12.3;16.6;;;;;;3.6;0;0;128;0.7;;
15/04/2025 08:00;12.9;1000.3;0.5;91;11.7;;6.4;;11.3;183;12.3;16.6;0.3;2.3;3.6;3.6;3.6;3.6;0;0;132;0.7;;
15/04/2025 08:10;13;1000.5;0.7;91;11.7;;8;;14.5;154;12.3;16.6;;;;;;3.6;0;0;141;0.8;;
15/04/2025 08:20;13.1;1000.6;0.8;91;11.7;;8;;19.3;175;12.3;16.6;;;;;;3.6;0;0;109;0.7;;
15/04/2025 08:30;13.1;1000.7;0.9;91;11.7;;11.3;;20.9;192;12.3;16.6;;;;;;3.8;0;0;169;1;;
15/04/2025 08:40;13.2;1000.7;0.9;91;11.7;;8;;16.1;196;12.3;16.6;;;;;;3.8;0;0;183;1;;
15/04/2025 08:50;13.2;1000.8;1;91;11.7;;6.4;;16.1;193;12.3;16.6;;;;;;3.8;0;0;209;1.2;;
15/04/2025 09:00;13.4;1000.8;0.8;90;11.7;;8;;17.7;192;12.3;16.6;0.2;1.5;3.8;3.8;3.8;3.8;0;0;185;1.1;;
15/04/2025 09:10;13.5;1000.6;0.6;90;12.2;;8;;14.5;173;12.3;16.6;;;;;;3.8;0;0;234;1.4;;
15/04/2025 09:20;13.8;1000.7;0.7;90;12.2;;8;;20.9;121;12.3;16.6;;;;;;3.8;0;0;417;2.2;;
15/04/2025 09:30;14.2;1000.7;0.7;89;12.2;;9.7;;16.1;192;12.3;16.6;;;;;;3.8;0;0;267;1.6;;
15/04/2025 09:40;14.3;1000.6;0.6;88;12.2;;6.4;;11.3;211;12.3;16.6;;;;;;3.8;0;0;128;0.8;;
15/04/2025 09:50;14.3;1000.4;0.4;87;12.2;;6.4;;19.3;104;12.3;16.6;;;;;;3.8;0;0;246;1.6;;
15/04/2025 10:00;14.6;1000.5;0.6;88;12.8;;6.4;;12.9;94;12.3;16.6;0;0.5;3.8;3.8;3.8;3.8;0;0;281;1.9;;
15/04/2025 10:10;14.7;1000.7;0.8;87;12.8;;6.4;;14.5;115;12.3;16.6;;;;;;3.8;0;0;246;1.9;;
15/04/2025 10:20;14.8;1000.8;0.9;87;12.8;;8;;14.5;171;12.3;16.6;;;;;;3.8;0;0;216;1.5;;
15/04/2025 10:30;14.6;1000.9;1;87;12.8;;8;;19.3;225;12.3;16.6;;;;;;3.8;0;0;127;1;;
15/04/2025 10:40;14.5;1000.9;1;88;12.8;;8;;14.5;205;12.3;16.6;;;;;;4.3;1.8;0;128;0.9;;
15/04/2025 10:50;14.3;1001;1.1;89;12.8;;8;;19.3;193;12.3;16.6;;;;;;5.3;5.3;10.4;70;0.6;;
15/04/2025 11:00;13.8;1001;0.7;89;12.2;;9.7;;16.1;185;12.3;16.6;2.3;2.5;4.8;6.1;6.1;6.1;10.9;13.7;70;0.5;;
15/04/2025 11:10;13.5;1000.9;0.6;90;12.2;;6.4;;12.9;202;12.3;16.6;;;;;;7.4;4.1;13.7;49;0;;
15/04/2025 11:20;13.4;1001;0.7;91;12.2;;4.8;;11.3;196;12.3;16.6;;;;;;7.6;2.3;13.7;40;0;;
15/04/2025 11:30;13.3;1001;0.7;91;12.2;;4.8;;11.3;179;12.3;16.6;;;;;;7.9;1.5;13.7;139;1;;
15/04/2025 11:40;13.6;1000.6;0.3;92;12.2;;3.2;;6.4;106;12.3;16.6;;;;;;7.9;1;13.7;443;3;;
15/04/2025 11:50;14.8;1000.3;;93;13.9;;3.2;;6.4;88;12.3;16.6;;;;;;7.9;0;13.7;223;2;;
15/04/2025 12:00;14.4;1000.3;-0.5;91;12.8;;4.8;;11.3;173;12.3;16.6;1.8;4.1;5.6;7.9;7.9;7.9;0;13.7;176;1.3;;
15/04/2025 12:10;14.3;1000.2;-0.6;90;12.8;;4.8;;12.9;152;12.3;16.6;;;;;;7.9;0;13.7;160;1.1;;
15/04/2025 12:20;14.4;1000.1;-0.7;90;12.8;;6.4;;9.7;181;12.3;16.6;;;;;;7.9;0;13.7;169;1.1;;
15/04/2025 12:30;14.7;1000.1;-0.7;90;13.3;;6.4;;14.5;200;12.3;16.6;;;;;;7.9;0;0;153;1.1;;
15/04/2025 12:40;14.7;1000.3;-0.5;88;12.8;;8;;17.7;196;12.3;16.6;;;;;;7.9;0;0;51;0;;
15/04/2025 12:50;14.6;1000.6;-0.2;87;12.8;;8;;16.1;142;12.3;16.6;;;;;;7.9;0;0;12;0;;
15/04/2025 13:00;14.6;1000.6;0.1;88;12.8;;6.4;;11.3;205;12.3;16.6;0.5;4.6;5.1;8.4;8.4;8.4;3.6;0;9;0;;
15/04/2025 13:10;14.5;1000.3;-0.2;89;12.8;;4.8;;12.9;190;12.3;16.6;;;;;;8.9;3.8;0;16;0;;
15/04/2025 13:20;14.4;1000.4;-0.1;89;12.8;;3.2;;9.7;188;12.3;16.6;;;;;;9.1;1.8;4.3;19;0;;
15/04/2025 13:30;14.4;1000.4;-0.1;90;12.8;;3.2;;6.4;188;12.3;16.6;;;;;;9.1;1;4.3;46;0;;
15/04/2025 13:40;14.4;1000.4;-0.1;91;12.8;;1.6;;6.4;188;12.3;16.6;;;;;;9.1;0;4.3;49;0;;
15/04/2025 13:50;14.6;1000.3;-0.2;92;13.3;;0;;0;188;12.3;16.6;;;;;;9.1;0;4.3;69;0.5;;
15/04/2025 14:00;14.7;1000.2;-0.8;92;13.3;;0;;0;188;12.3;16.6;1;3.3;5.8;9.4;9.4;9.4;0;4.3;70;0.5;;
15/04/2025 14:10;14.8;1000.2;-0.8;92;13.3;;0;;0;188;12.3;16.6;;;;;;9.4;0;4.3;63;0;;
15/04/2025 14:20;14.7;1000.1;-0.9;92;13.3;;0;;8;188;12.3;16.6;;;;;;9.4;0;4.3;40;0;;
15/04/2025 14:30;14.6;1000.3;-0.7;91;13.3;;1.6;;6.4;188;12.3;16.6;;;;;;9.4;0;0;21;0;;
15/04/2025 14:40;14.6;1000.3;-0.7;91;13.3;;3.2;;16.1;217;12.3;16.6;;;;;;9.4;0;0;37;0;;
15/04/2025 14:50;14.7;1000.4;-0.6;90;13.3;;11.3;;24.1;237;12.3;16.6;;;;;;9.7;0;0;14;0;;
15/04/2025 15:00;14.7;1000.5;0.2;90;13.3;;8;;16.1;236;12.3;16.6;0.3;1.8;5.9;9.7;9.7;9.7;0;0;16;0;;
15/04/2025 15:10;14.7;1000.7;0.4;89;12.8;;8;;16.1;152;12.3;16.6;;;;;;10.2;3;1;9;0;;
15/04/2025 15:20;14.4;1000.8;0.5;88;12.2;;9.7;;24.1;204;12.3;16.6;;;;;;10.7;2.8;1;5;0;;
15/04/2025 15:30;14.3;1000.7;0.4;87;12.2;;12.9;;24.1;182;12.3;16.6;;;;;;10.9;2.3;1;7;0;;
15/04/2025 15:40;14.2;1000.8;0.5;87;12.2;;8;;25.7;196;12.3;16.6;;;;;;11.2;1.3;1;9;0;;
15/04/2025 15:50;14.1;1000.8;0.5;88;12.2;;8;;17.7;202;12.3;16.6;;;;;;11.7;3.6;3.6;7;0;;
15/04/2025 16:00;14;1000.5;-0.1;87;11.7;;11.3;;30.6;184;12.3;16.6;2.7;4;8.6;12.4;12.4;12.4;3.3;6.6;16;0;;
15/04/2025 16:10;14.2;1000.5;-0.1;85;11.7;;11.3;;29;236;12.3;16.6;;;;;;12.7;1.8;6.6;16;0;;
15/04/2025 16:20;14.4;1000.6;;85;12.2;;8;;17.7;171;12.3;16.6;;;;;;12.7;1;6.6;23;0;;
15/04/2025 16:30;14.4;1000.8;0.2;85;12.2;;6.4;;16.1;196;12.3;16.6;;;;;;13;0;6.6;9;0;;
15/04/2025 16:40;14.3;1000.7;0.1;86;12.2;;4.8;;12.9;232;12.3;16.6;;;;;;13;0;6.6;12;0;;
15/04/2025 16:50;14.1;1000.6;;87;12.2;;6.4;;16.1;207;12.3;16.6;;;;;;13;0;6.6;19;0;;
15/04/2025 17:00;13.9;1000.8;0.6;87;11.7;;8;;14.5;210;12.3;16.6;0.8;3.8;7.1;11.9;13.2;13.2;0;6.6;12;0;;
15/04/2025 17:10;13.8;1000.7;0.5;87;11.7;;6.4;;12.9;234;12.3;16.6;;;;;;13.5;2;2;12;0;;
15/04/2025 17:20;13.7;1000.7;0.5;88;11.7;;4.8;;11.3;220;12.3;16.6;;;;;;13.5;1;2;12;0;;
15/04/2025 17:30;13.7;1001;0.8;88;11.7;;4.8;;12.9;223;12.3;16.6;;;;;;13.5;0;2;0;0;;
15/04/2025 17:40;13.7;1001.2;1;88;11.7;;6.4;;11.3;217;12.3;16.6;;;;;;14;2;2;0;0;;
15/04/2025 17:50;13.6;1001.4;1.2;89;11.7;;3.2;;8;237;12.3;16.6;;;;;;14;1.3;2;0;0;;
15/04/2025 18:00;13.6;1001.3;0.8;90;12.2;;1.6;;6.4;270;12.3;16.6;0.8;4.3;6.1;11.7;14;14;0;2;5;0;;
15/04/2025 18:10;13.4;1001.5;1;90;11.7;;0;;1.6;270;12.3;16.6;;;;;;14;0;1;0;0;;
15/04/2025 18:20;13.2;1001.4;0.9;91;11.7;;1.6;;4.8;270;12.3;16.6;;;;;;14;0;1;0;0;;
15/04/2025 18:30;13;1001.4;0.9;91;11.7;;1.6;;4.8;270;12.3;16.6;;;;;;14;0;1;0;0;;
15/04/2025 18:40;12.7;1001.5;1;92;11.7;;0;;4.8;270;12.3;16.6;;;;;;14;0;1;0;0;;
15/04/2025 18:50;12.7;1001.5;1;92;11.7;;0;;4.8;270;12.3;16.6;;;;;;14;0;1;0;0;;
15/04/2025 19:00;12.7;1001.6;1.1;92;11.7;;3.2;;6.4;250;12.3;16.6;0;1.6;5.6;10.7;14;14;0;0;0;0;;
15/04/2025 19:10;12.8;1001.8;1.3;93;11.7;;3.2;;6.4;247;12.3;16.6;;;;;;14;0;0;0;0;;
15/04/2025 19:20;12.7;1002;1.5;92;11.7;;3.2;;14.5;211;12.3;16.6;;;;;;14;0;0;0;0;;
15/04/2025 19:30;12.7;1002.3;1.8;92;11.7;;1.6;;4.8;211;12.3;16.6;;;;;;14;0;0;0;0;;
15/04/2025 19:40;12.7;1002.6;2.1;92;11.7;;0;;3.2;211;12.3;16.6;;;;;;14.5;4.8;0;0;0;;
15/04/2025 19:50;12.7;1002.9;2.4;92;11.7;;4.8;;11.3;132;12.3;16.6;;;;;;14.7;2.3;4.8;0;0;;
15/04/2025 20:00;12.6;1003;2.2;92;11.7;;1.6;;9.7;188;12.3;16.6;1.2;2;5.8;11.6;15.2;15.2;2.3;4.8;0;0;;
15/04/2025 20:10;12.6;1003.4;2.6;93;11.7;;1.6;;6.4;188;12.3;16.6;;;;;;15.5;1.3;7.6;0;0;;
15/04/2025 20:20;12.5;1003.5;2.7;93;11.7;;4.8;;9.7;98;12.3;16.6;;;;;;16;2;8.1;0;0;;
15/04/2025 20:30;12.5;1003.6;2.8;93;11.7;;1.6;;4.8;98;12.3;16.6;;;;;;17;6.6;8.1;0;0;;
15/04/2025 20:40;12.4;1003.4;2.6;93;11.7;;1.6;;6.4;148;12.3;16.6;;;;;;17.5;2.8;8.1;0;0;;
15/04/2025 20:50;12.3;1003.5;2.7;93;11.1;;0;;1.6;148;12.3;16.6;;;;;;17.8;2;8.1;0;0;;
15/04/2025 21:00;12.3;1003.6;2.3;93;11.1;;0;;0;148;12.3;16.6;2.6;3.8;8.1;14;17.8;17.8;1;8.1;0;0;;
15/04/2025 21:10;12.3;1003.6;2.3;93;11.1;;1.6;;4.8;269;12.2;16.6;;;;;;17.8;0;1.8;0;0;;
15/04/2025 21:20;12.3;1003.2;1.9;94;11.7;;3.2;;8;303;12.2;16.6;;;;;;17.8;0;1.8;0;0;;
15/04/2025 21:30;12.5;1003.3;2;94;11.7;;3.2;;9.7;25;12.2;16.6;;;;;;18.8;5.3;1.8;0;0;;
15/04/2025 21:40;12.7;1003.5;2.2;94;11.7;;3.2;;9.7;360;12.2;16.6;;;;;;19.3;3;1.8;0;0;;
15/04/2025 21:50;12.7;1003.2;1.9;94;11.7;;3.2;;12.9;355;12.2;16.6;;;;;;20.6;5.3;1.8;0;0;;
15/04/2025 22:00;12.7;1003.2;1.6;94;11.7;;1.6;;8;331;12.7;12.7;4.6;8.4;10;18.6;22.4;1.3;11.9;22.9;0;0;;
15/04/2025 22:10;12.6;1003.4;1.8;94;11.7;;3.2;;8;344;12.6;12.7;;;;;;2.3;5.6;22.9;0;0;;
15/04/2025 22:20;12.5;1003.5;1.9;94;11.7;;0;;4.8;344;12.5;12.7;;;;;;3.3;4.8;22.9;0;0;;
15/04/2025 22:30;12.4;1003.7;2.1;94;11.7;;0;;4.8;344;12.4;12.7;;;;;;4.8;9.1;22.9;0;0;;
15/04/2025 22:40;12.4;1003.6;2;94;11.7;;1.6;;8;32;12.4;12.7;;;;;;5.6;4.1;22.9;0;0;;
15/04/2025 22:50;12.4;1003.5;1.9;94;11.7;;1.6;;8;49;12.4;12.7;;;;;;6.4;4.3;22.9;0;0;;
15/04/2025 23:00;12.3;1003.6;0.6;94;11.7;;4.8;;11.3;41;12.4;12.7;6.1;13.3;15.3;22.4;28.5;7.4;7.4;7.4;0;0;;
15/04/2025 23:10;12.3;1003.9;0.9;94;11.7;;1.6;;9.7;33;12.3;12.7;;;;;;8.1;5.1;7.9;0;0;;
15/04/2025 23:20;12.2;1003.7;0.7;94;11.1;;0;;6.4;104;12.2;12.7;;;;;;9.1;2.8;10.4;0;0;;
15/04/2025 23:30;12.1;1004.1;1.1;94;11.1;;1.6;;6.4;104;12.1;12.7;;;;;;9.7;4.1;10.4;0;0;;
15/04/2025 23:40;11.9;1004.4;1.4;94;11.1;;0;;1.6;104;11.9;12.7;;;;;;10.7;6.9;10.4;0;0;;
15/04/2025 23:50;11.9;1003.7;0.7;94;11.1;;0;;4.8;103;11.9;12.7;;;;;;11.9;6.1;10.4;0;0;;
16/04/2025 00:00;11.9;1004.2;;94;11.1;;3.2;;11.3;308;11.9;12.7;4.8;15.5;19.3;25.4;33.3;12.2;2;4.3;0;0;;
16/04/2025 00:10;11.8;1004.5;;94;11.1;;3.2;;9.7;11;11.8;12.7;;;;;;12.4;1;4.3;0;0;;
16/04/2025 00:20;11.7;1004.5;;94;10.6;;0;;8;347;11.7;12.7;;;;;;13;5.1;5.1;0;0;;
16/04/2025 00:30;11.6;1004.3;;94;10.6;;3.2;;9.7;221;11.6;12.7;;;;;;13.5;4.8;5.1;0;0;;
16/04/2025 00:40;11.6;1004.1;;94;10.6;;4.8;;17.7;260;11.6;12.7;;;;;;14.2;3.8;8.6;0;0;;
16/04/2025 00:50;11;1004.3;;94;10;;3.2;;12.9;309;11;12.7;;;;;;14.2;1;8.6;0;0;;
16/04/2025 01:00;10.8;1004.7;;94;10;;3.2;;12.9;355;10.8;12.7;2.8;13.7;22.1;27.7;36.1;15;6.6;7.9;0;0;;
16/04/2025 01:10;10.6;1004.8;;94;10;;4.8;;12.9;286;10.6;12.7;;;;;;16.5;7.6;15.2;0;0;;
16/04/2025 01:20;10.4;1004.5;;94;9.4;;4.8;;14.5;22;10.4;12.7;;;;;;17.8;7.6;15.2;0;0;;
16/04/2025 01:30;10.3;1004.5;;94;9.4;;8;;19.3;315;10.3;12.7;;;;;;18.5;3.8;15.2;0;0;;
16/04/2025 01:40;10.3;1004.6;;94;9.4;;3.2;;12.9;325;10.3;12.7;;;;;;19.6;6.4;15.2;0;0;;
16/04/2025 01:50;10.3;1004.4;;94;9.4;;6.4;;12.9;326;10.3;12.7;;;;;;20.8;10.9;15.2;0;0;;
16/04/2025 02:00;10.2;1004.7;;94;9.4;;3.2;;12.9;313;10.2;12.7;6.8;14.4;27.7;33.5;42.9;21.8;7.1;7.1;0;0;;
16/04/2025 02:10;10.2;1005;;94;9.4;;4.8;;14.5;333;10.2;12.7;;;;;;22.6;4.6;7.1;0;0;;
16/04/2025 02:20;10.1;1005.1;;94;9.4;;4.8;;16.1;300;10.1;12.7;;;;;;23.4;4.1;7.1;0;0;;
16/04/2025 02:30;9.9;1005.4;;94;8.9;;3.2;;9.7;321;9.9;12.7;;;;;;23.9;2.5;7.1;0;0;;
16/04/2025 02:40;9.6;1005.2;;94;8.9;;4.8;;12.9;344;9.6;12.7;;;;;;24.4;3.8;7.1;0;0;;
16/04/2025 02:50;9.5;1005.3;;94;8.9;;4.8;;14.5;317;9.5;12.7;;;;;;24.9;3;7.1;0;0;;
16/04/2025 03:00;9.4;1005.6;1.4;94;8.3;;4.8;;12.9;302;9.4;12.7;3.8;13.4;28.9;37;46.7;25.7;4.3;4.3;0;0;;
16/04/2025 03:10;9.3;1005.7;1.5;94;8.3;;4.8;;12.9;282;9.3;12.7;;;;;;26.4;4.6;4.6;0;0;;
16/04/2025 03:20;9.2;1005.7;1.5;94;8.3;;4.8;;19.3;281;9.2;12.7;;;;;;27.2;5.6;5.6;0;0;;
16/04/2025 03:30;9.1;1005.8;1.6;93;7.8;;6.4;;20.9;318;9;12.7;;;;;;27.9;4.3;5.8;0;0;;
16/04/2025 03:40;8.9;1006.1;1.9;94;8.3;;6.4;;19.3;290;8.9;12.7;;;;;;28.4;2.8;5.8;0;0;;
16/04/2025 03:50;9;1006.3;2.1;94;8.3;;6.4;;17.7;229;8.9;12.7;;;;;;29;2.3;5.8;0;0;;
16/04/2025 04:00;9;1006.5;1.8;94;8.3;;8;;16.1;290;8.9;12.7;3.8;14.4;28.1;38.1;50.5;29.5;4.1;4.3;0;0;;
16/04/2025 04:10;8.9;1006.5;1.8;94;7.8;;4.8;;12.9;329;8.9;12.7;;;;;;30;2.8;4.3;0;0;;
16/04/2025 04:20;8.7;1006.6;1.9;94;7.8;;4.8;;19.3;239;8.7;12.7;;;;;;30.5;2.8;4.3;0;0;;
16/04/2025 04:30;8.6;1006.9;2.2;93;7.8;;4.8;;16.1;290;8.5;12.7;;;;;;31;3;4.3;0;0;;
16/04/2025 04:40;8.4;1007.1;2.4;93;7.2;;3.2;;16.1;249;8.4;12.7;;;;;;31.5;3.6;4.3;0;0;;
16/04/2025 04:50;8.4;1007.3;2.6;93;7.2;;1.6;;6.4;296;8.4;12.7;;;;;;32;3;4.3;0;0;;
16/04/2025 05:00;8.4;1007.4;2.7;93;7.2;;3.2;;12.9;295;8.4;12.7;3.1;10.7;25.1;40.4;52.3;32.5;2.5;3;0;0;;
16/04/2025 05:10;8.3;1007.4;2.7;93;7.2;;4.8;;14.5;296;8.3;12.7;;;;;;33;3.3;3.8;0;0;;
16/04/2025 05:20;8.2;1007.6;2.9;93;7.2;;4.8;;12.9;298;8.2;12.7;;;;;;33.5;2.3;3.8;0;0;;
16/04/2025 05:30;8.2;1007.8;3.1;93;7.2;;3.2;;9.7;346;8.2;12.7;;;;;;33.8;2.8;3.8;0;0;;
16/04/2025 05:40;8.1;1008.1;3.4;93;7.2;;1.6;;4.8;346;8.1;12.7;;;;;;34.3;2.8;3.8;5;0;;
16/04/2025 05:50;8;1008.1;3.4;93;7.2;;3.2;;8;37;8;12.7;;;;;;34.5;1.5;3.8;5;0;;
16/04/2025 06:00;7.9;1008.3;2.7;93;6.7;;1.6;;6.4;34;7.9;12.7;2.3;9.2;22.6;41.9;53.6;34.8;2;2.3;7;0;;
16/04/2025 06:10;7.9;1008.1;2.5;93;6.7;;3.2;;14.5;309;7.9;12.7;;;;;;35.6;2.8;4.1;14;0;;
16/04/2025 06:20;7.9;1008.3;2.7;93;6.7;;1.6;;6.4;5;7.9;12.7;;;;;;35.8;2;4.1;12;0;;
16/04/2025 06:30;8.1;1008.2;2.6;94;7.2;;1.6;;6.4;19;7.9;12.7;;;;;;36.1;1.3;4.1;18;0;;
16/04/2025 06:40;8.1;1008.5;2.9;94;7.2;;3.2;;8;331;7.9;12.7;;;;;;36.3;1.3;4.1;16;0;;
16/04/2025 06:50;8.1;1008.4;2.8;94;7.2;;1.6;;4.8;331;7.9;12.7;;;;;;36.3;1.3;4.1;21;0;;
16/04/2025 07:00;8.2;1008.6;2.1;94;7.2;;3.2;;6.4;329;7.9;12.7;1.8;7.2;21.6;43.7;54.4;36.6;1;1;18;0;;
16/04/2025 07:10;8.3;1008.9;2.4;94;7.2;;3.2;;8;326;7.9;12.7;;;;;;36.8;1.5;1.5;21;0;;
16/04/2025 07:20;8.2;1008.8;2.3;94;7.2;;3.2;;9.7;322;7.9;12.7;;;;;;37.1;1.8;1.8;25;0;;
16/04/2025 07:30;8.2;1008.9;2.4;94;7.2;;3.2;;9.7;286;7.9;12.7;;;;;;37.3;1.5;1.8;32;0;;
16/04/2025 07:40;8.2;1009.1;2.6;94;7.2;;4.8;;6.4;254;7.9;12.7;;;;;;37.6;1.3;1.8;35;0;;
16/04/2025 07:50;8.3;1009.2;2.7;94;7.2;;3.2;;11.3;301;7.9;12.7;;;;;;37.8;1.8;1.8;44;0;;
16/04/2025 08:00;8.3;1009.5;2.1;94;7.2;;3.2;;9.7;261;7.9;12.7;1.7;5.8;16.5;44.2;55.8;38.4;3.3;3.3;58;0;;
16/04/2025 08:10;8.4;1009.6;2.2;94;7.8;;3.2;;8;296;7.9;12.7;;;;;;38.6;2;3.3;79;0.5;;
16/04/2025 08:20;8.5;1009.8;2.4;94;7.8;;1.6;;6.4;328;7.9;12.7;;;;;;38.9;1.5;3.3;62;0;;
16/04/2025 08:30;8.4;1009.9;2.5;94;7.8;;1.6;;8;331;7.9;12.7;;;;;;38.9;0;3.3;63;0;;
16/04/2025 08:40;8.5;1010;2.6;94;7.8;;1.6;;8;331;7.9;12.7;;;;;;39.4;1.8;3.3;72;0.5;;
16/04/2025 08:50;8.6;1010.1;2.7;94;7.8;;3.2;;6.4;331;7.9;12.7;;;;;;39.6;1.8;3.3;74;0.5;;
16/04/2025 09:00;8.6;1010.2;1.9;94;7.8;;3.2;;9.7;11;7.9;12.7;1.6;5.1;14.3;43.2;57.2;39.9;2.3;2.3;76;0.5;;
16/04/2025 09:10;8.5;1010.5;2.2;94;7.8;;3.2;;8;311;7.9;12.7;;;;;;40.1;1.8;2.3;83;0.6;;
16/04/2025 09:20;8.6;1010.3;2;94;7.8;;3.2;;8;311;7.9;12.7;;;;;;40.4;1.8;2.3;93;0.6;;
16/04/2025 09:30;8.8;1010.3;2;94;7.8;;3.2;;9.7;287;7.9;12.7;;;;;;40.6;1.3;2.3;104;0.7;;
16/04/2025 09:40;8.8;1010.4;2.1;94;7.8;;4.8;;9.7;302;7.9;12.7;;;;;;40.9;1.5;2.3;121;0.8;;
16/04/2025 09:50;8.8;1010.2;1.9;94;7.8;;4.8;;9.7;302;7.9;12.7;;;;;;40.9;1;2.3;156;1.1;;
16/04/2025 10:00;8.9;1010.2;1.6;94;8.3;;3.2;;8;320;7.9;12.7;1.2;4.5;11.7;39.8;58.4;41.1;1;2.3;153;1;;
16/04/2025 10:10;9.1;1010.3;1.7;94;8.3;;4.8;;8;291;7.9;12.7;;;;;;41.1;0;2.3;123;0.9;;
16/04/2025 10:20;9.1;1010.4;1.8;94;8.3;;3.2;;8;289;7.9;12.7;;;;;;41.1;0;1;162;1.1;;
16/04/2025 10:30;9.1;1010.4;1.8;94;8.3;;3.2;;8;275;7.9;12.7;;;;;;41.1;0;1;156;1.1;;
16/04/2025 10:40;9.2;1010.4;1.8;94;8.3;;3.2;;9.7;236;7.9;12.7;;;;;;41.4;0;1;151;1.1;;
16/04/2025 10:50;9.2;1010.5;1.9;94;8.3;;4.8;;9.7;324;7.9;12.7;;;;;;41.4;0;1;127;0.9;;
16/04/2025 11:00;9.2;1010.5;1;93;8.3;;6.4;;14.5;320;7.9;12.7;0.3;3.1;8.9;34;56.4;41.4;0;1;120;0.9;;
16/04/2025 11:10;9.1;1010.6;1.1;93;8.3;;4.8;;11.3;305;7.9;12.7;;;;;;41.4;0;0;120;0.9;;
16/04/2025 11:20;9.2;1010.7;1.2;93;8.3;;4.8;;12.9;306;7.9;12.7;;;;;;41.4;0;0;113;0.8;;
16/04/2025 11:30;9.1;1010.6;1.1;92;7.8;;6.4;;17.7;301;7.9;12.7;;;;;;41.4;0;0;128;0.9;;
16/04/2025 11:40;9;1010.6;1.1;92;7.8;;6.4;;14.5;334;7.9;12.7;;;;;;41.4;0;0;146;1;;
16/04/2025 11:50;9.2;1010.6;1.1;93;8.3;;4.8;;12.9;24;7.9;12.7;;;;;;41.4;0;0;193;1.3;;
16/04/2025 12:00;9.3;1010.7;0.5;92;8.3;;3.2;;8;330;7.9;12.7;0.2;1.7;6.8;29.4;54.8;41.7;0;0;237;1.6;;
16/04/2025 12:10;9.3;1010.7;0.5;92;8.3;;3.2;;9.7;333;7.9;12.7;;;;;;41.7;0;0;181;1.2;;
16/04/2025 12:20;9.4;1010.7;0.5;92;8.3;;3.2;;8;338;7.9;12.7;;;;;;41.7;0;0;192;1.2;;
16/04/2025 12:30;9.7;1010.8;0.6;91;8.3;;4.8;;16.1;329;7.9;12.7;;;;;;41.7;0;0;165;1.1;;
16/04/2025 12:40;9.7;1010.5;0.3;91;8.3;;4.8;;14.5;336;7.9;12.7;;;;;;41.7;0;0;253;1.6;;
16/04/2025 12:50;9.8;1010.6;0.4;90;8.3;;3.2;;9.7;346;7.9;12.7;;;;;;41.7;0;0;269;1.7;;
16/04/2025 13:00;9.7;1010.6;0.4;88;7.8;;4.8;;9.7;350;7.9;12.7;0;0.5;5;26.6;54.3;41.7;0;0;214;1.3;;
16/04/2025 13:10;9.8;1010.5;0.3;88;7.8;;4.8;;12.9;339;7.9;12.7;;;;;;41.7;0;0;229;1.4;;
16/04/2025 13:20;9.9;1010.6;0.4;88;8.3;;4.8;;12.9;5;7.9;12.7;;;;;;41.7;0;0;165;1;;
16/04/2025 13:30;10;1010.5;0.3;87;7.8;;4.8;;12.9;42;7.9;12.7;;;;;;41.7;0;0;128;0.8;;
16/04/2025 13:40;10.1;1010.3;0.1;87;7.8;;4.8;;9.7;355;7.9;12.7;;;;;;41.7;0;0;199;1.2;;
16/04/2025 13:50;10.3;1010.2;;87;8.3;;3.2;;9.7;323;7.9;12.7;;;;;;41.7;0;0;213;1.3;;
16/04/2025 14:00;10.4;1010.1;-0.4;86;8.3;;4.8;;12.9;355;7.9;12.7;0;0.2;3.3;19.8;53.3;41.7;0;0;220;1.2;;
16/04/2025 14:10;10.6;1010.1;-0.4;86;8.3;;4.8;;9.7;74;7.9;12.7;;;;;;41.7;0;0;211;1.2;;
16/04/2025 14:20;10.6;1010.2;-0.3;85;8.3;;3.2;;12.9;355;7.9;12.7;;;;;;41.7;0;0;165;0.9;;
16/04/2025 14:30;10.5;1010.1;-0.4;84;7.8;;3.2;;9.7;20;7.9;12.7;;;;;;41.7;0;0;114;0.6;;
16/04/2025 14:40;10.5;1010.1;-0.4;84;7.8;;1.6;;8;302;7.9;12.7;;;;;;41.7;0;0;158;0.9;;
16/04/2025 14:50;10.6;1010;-0.5;83;7.8;;3.2;;8;299;7.9;12.7;;;;;;41.7;0;0;153;0.9;;
16/04/2025 15:00;10.6;1009.8;-0.9;82;7.8;;3.2;;8;71;7.9;12.7;0;;1.7;16;53;41.7;0;0;181;0.9;;
16/04/2025 15:10;10.8;1010.1;-0.6;82;7.8;;6.4;;12.9;12;7.9;12.7;;;;;;41.7;0;0;172;0.9;;
16/04/2025 15:20;10.8;1010.3;-0.4;82;7.8;;6.4;;12.9;355;7.9;12.7;;;;;;41.7;0;0;114;0.6;;
16/04/2025 15:30;10.7;1010.2;-0.5;81;7.8;;4.8;;9.7;15;7.9;12.7;;;;;;41.7;0;0;102;0.5;;
16/04/2025 15:40;10.8;1010.1;-0.6;82;7.8;;4.8;;12.9;5;7.9;12.7;;;;;;41.7;0;0;86;0;;
16/04/2025 15:50;10.7;1010.1;-0.6;81;7.8;;4.8;;12.9;350;7.9;12.7;;;;;;41.7;0;0;95;0.5;;
16/04/2025 16:00;10.7;1009.9;-0.7;82;7.8;;3.2;;9.7;336;7.9;12.7;0;;0.5;12.2;50.3;41.7;0;0;81;0;;
16/04/2025 16:10;10.7;1009.9;-0.7;82;7.8;;3.2;;9.7;351;7.9;12.7;;;;;;41.7;0;0;53;0;;
16/04/2025 16:20;10.6;1010;-0.6;82;7.8;;4.8;;9.7;313;7.9;12.7;;;;;;41.7;0;0;53;0;;
16/04/2025 16:30;10.5;1010;-0.6;82;7.8;;3.2;;9.7;355;7.9;12.7;;;;;;41.7;0;0;49;0;;
16/04/2025 16:40;10.4;1009.9;-0.7;82;7.8;;3.2;;8;355;7.9;12.7;;;;;;41.7;0;0;47;0;;
16/04/2025 16:50;10.4;1010;-0.6;81;7.2;;3.2;;6.4;355;7.9;12.7;;;;;;41.7;0;0;44;0;;
16/04/2025 17:00;10.4;1010.1;;82;7.8;;0;;6.4;355;7.9;12.7;0;;0.2;9.1;49.5;41.7;0;0;26;0;;
16/04/2025 17:10;10.4;1010.2;0.1;84;7.8;;3.2;;8;350;7.9;12.7;;;;;;41.7;0;0;21;0;;
16/04/2025 17:20;10.3;1010.2;0.1;84;7.8;;1.6;;6.4;350;7.9;12.7;;;;;;41.7;0;0;14;0;;
16/04/2025 17:30;10.2;1010.2;0.1;85;7.8;;3.2;;8;350;7.9;12.7;;;;;;41.7;0;0;7;0;;
16/04/2025 17:40;10.1;1010.2;0.1;86;7.8;;1.6;;4.8;350;7.9;12.7;;;;;;41.9;0;0;5;0;;
16/04/2025 17:50;10;1010.2;0.1;87;7.8;;1.6;;6.4;350;7.9;12.7;;;;;;41.9;0;0;5;0;;
16/04/2025 18:00;9.9;1010.2;0.4;88;7.8;;3.2;;8;350;7.9;12.7;0.3;0.3;0.3;7.1;49;41.9;0;0;0;0;;
16/04/2025 18:10;9.7;1010.2;0.4;88;7.8;;1.6;;4.8;350;7.9;12.7;;;;;;41.9;0;0;0;0;;
16/04/2025 18:20;9.6;1010.2;0.4;89;7.8;;1.6;;6.4;350;7.9;12.7;;;;;;42.2;0;0;0;0;;
16/04/2025 18:30;9.6;1010.1;0.3;89;7.8;;0;;4.8;350;7.9;12.7;;;;;;42.2;0;0;0;0;;
16/04/2025 18:40;9.6;1010.1;0.3;89;7.8;;0;;0;350;7.9;12.7;;;;;;42.2;0;0;0;0;;
16/04/2025 18:50;9.6;1010.1;0.3;90;8.3;;1.6;;6.4;350;7.9;12.7;;;;;;42.2;0;0;0;0;;
16/04/2025 19:00;9.6;1010.2;0.3;90;8.3;;3.2;;9.7;350;7.9;12.7;0.2;0.5;0.5;5.5;49.2;42.2;0;0;0;0;;
16/04/2025 19:10;9.6;1010.2;0.3;90;8.3;;4.8;;8;350;7.9;12.7;;;;;;42.2;0;0;0;0;;
16/04/2025 19:20;9.5;1010.4;0.5;90;7.8;;3.2;;6.4;350;7.9;12.7;;;;;;42.2;0;0;0;0;;
16/04/2025 19:30;9.5;1010.5;0.6;90;7.8;;1.6;;6.4;350;7.9;12.7;;;;;;42.2;0;0;0;0;;
16/04/2025 19:40;9.4;1010.6;0.7;91;8.3;;1.6;;4.8;350;7.9;12.7;;;;;;42.2;0;0;0;0;;
16/04/2025 19:50;9.4;1010.6;0.7;91;8.3;;1.6;;8;350;7.9;12.7;;;;;;42.2;0;0;0;0;;
16/04/2025 20:00;9.4;1010.6;0.5;91;7.8;;3.2;;6.4;350;7.9;12.7;0;0.5;0.5;3.8;48;42.2;0;0;0;0;;
16/04/2025 20:10;9.4;1010.6;0.5;91;7.8;;3.2;;8;350;7.9;12.7;;;;;;42.4;0;0;0;0;;
16/04/2025 20:20;9.3;1010.6;0.5;91;7.8;;3.2;;9.7;350;7.9;12.7;;;;;;42.4;0;0;0;0;;
16/04/2025 20:30;9.3;1010.5;0.4;91;7.8;;4.8;;9.7;350;7.9;12.7;;;;;;42.4;0;0;0;0;;
16/04/2025 20:40;9.3;1010.6;0.5;91;7.8;;1.6;;8;350;7.9;12.7;;;;;;42.4;0;0;0;0;;
16/04/2025 20:50;9.2;1010.8;0.7;91;7.8;;1.6;;8;350;7.9;12.7;;;;;;42.4;0;0;0;0;;
16/04/2025 21:00;9.3;1010.9;0.7;91;7.8;;1.6;;4.8;350;7.9;12.7;0.3;0.5;0.8;2.5;45.7;42.4;0;0;0;0;;
16/04/2025 21:10;9.3;1010.8;0.6;91;7.8;;1.6;;6.4;350;7.9;12.7;;;;;;42.7;0;0;0;0;;
16/04/2025 21:20;9.3;1010.7;0.5;91;7.8;;3.2;;6.4;350;7.9;12.7;;;;;;42.7;0;0;0;0;;
16/04/2025 21:30;9.3;1010.6;0.4;92;8.3;;0;;1.6;350;7.9;12.7;;;;;;42.7;0;0;0;0;;
16/04/2025 21:40;9.3;1010.6;0.4;92;8.3;;1.6;;6.4;350;7.9;12.7;;;;;;42.9;0;0;0;0;;
16/04/2025 21:50;9.2;1010.5;0.3;92;7.8;;0;;4.8;350;7.9;12.7;;;;;;42.9;0;0;0;0;;
16/04/2025 22:00;9.2;1010.5;0.3;92;7.8;;1.6;;6.4;350;9.2;9.3;0.5;0.8;1.3;1.8;41.6;0;0;0;0;0;;
16/04/2025 22:10;9.2;1010.3;0.1;92;7.8;;1.6;;6.4;350;9.2;9.3;;;;;;0;0;0;0;0;;
16/04/2025 22:20;9.2;1010.3;0.1;92;7.8;;3.2;;6.4;350;9.2;9.3;;;;;;0;0;0;0;0;;
16/04/2025 22:30;9.2;1010.3;0.1;92;7.8;;1.6;;6.4;350;9.2;9.3;;;;;;0;0;0;0;0;;
16/04/2025 22:40;9.1;1010.3;0.1;92;7.8;;1.6;;6.4;350;9.1;9.3;;;;;;0;0;0;0;0;;
16/04/2025 22:50;9.1;1010.3;0.1;92;7.8;;1.6;;8;350;9.1;9.3;;;;;;0.3;0;0;0;0;;
16/04/2025 23:00;9;1010.1;-0.5;93;7.8;;3.2;;8;348;9;9.3;0.3;1.1;1.6;1.8;35.8;0.3;0;0;0;0;;
16/04/2025 23:10;8.9;1010.1;-0.5;93;7.8;;3.2;;8;348;8.9;9.3;;;;;;0.3;0;0;0;0;;
16/04/2025 23:20;8.9;1010;-0.6;93;7.8;;1.6;;4.8;348;8.9;9.3;;;;;;0.3;0;0;0;0;;
16/04/2025 23:30;8.8;1009.9;-0.7;93;7.8;;1.6;;6.4;348;8.8;9.3;;;;;;0.3;0;0;0;0;;
16/04/2025 23:40;8.8;1009.8;-0.8;93;7.8;;1.6;;8;348;8.8;9.3;;;;;;0.3;0;0;0;0;;
16/04/2025 23:50;8.8;1009.7;-0.9;93;7.8;;3.2;;8;348;8.8;9.3;;;;;;0.3;0;0;0;0;;
17/04/2025 00:00;8.7;1009.8;;93;7.8;;1.6;;6.4;348;8.7;9.3;0;0.8;1.3;1.6;31;0.3;0;0;0;0;;
17/04/2025 00:10;8.7;1009.6;;93;7.8;;3.2;;6.4;347;8.7;9.3;;;;;;0.3;0;0;0;0;;
17/04/2025 00:20;8.8;1009.6;;93;7.8;;4.8;;8;345;8.7;9.3;;;;;;0.3;0;0;0;0;;
17/04/2025 00:30;8.8;1009.6;;93;7.8;;3.2;;8;342;8.7;9.3;;;;;;0.3;0;0;0;0;;
17/04/2025 00:40;8.9;1009.5;;93;7.8;;3.2;;9.7;340;8.7;9.3;;;;;;0.3;0;0;0;0;;
17/04/2025 00:50;8.9;1009.4;;93;7.8;;3.2;;9.7;338;8.7;9.3;;;;;;0.3;0;0;0;0;;
17/04/2025 01:00;8.9;1009.3;;93;7.8;;1.6;;8;338;8.7;9.3;0;0.3;1.1;1.6;28.2;0.3;0;0;0;0;;
17/04/2025 01:10;8.8;1009.2;;92;7.8;;4.8;;12.9;344;8.7;9.3;;;;;;0.3;0;0;0;0;;
17/04/2025 01:20;8.8;1009;;92;7.8;;4.8;;14.5;315;8.7;9.3;;;;;;0.3;0;0;0;0;;
17/04/2025 01:30;8.7;1008.9;;92;7.8;;4.8;;12.9;347;8.7;9.3;;;;;;0.3;0;0;0;0;;
17/04/2025 01:40;8.7;1008.8;;92;7.8;;4.8;;9.7;355;8.7;9.3;;;;;;0.5;0;0;0;0;;
17/04/2025 01:50;8.7;1008.8;;92;7.8;;6.4;;14.5;302;8.7;9.3;;;;;;0.5;0;0;0;0;;
17/04/2025 02:00;8.7;1008.9;;92;7.2;;4.8;;9.7;349;8.7;9.3;0.2;0.2;1.3;1.8;21.6;0.5;0;0;0;0;;
17/04/2025 02:10;8.7;1008.8;;92;7.2;;4.8;;9.7;355;8.7;9.3;;;;;;0.5;0;0;0;0;;
17/04/2025 02:20;8.7;1008.9;;92;7.8;;3.2;;8;321;8.7;9.3;;;;;;0.8;0;0;0;0;;
17/04/2025 02:30;8.7;1008.8;;92;7.8;;3.2;;9.7;321;8.7;9.3;;;;;;0.8;0;0;0;0;;
17/04/2025 02:40;8.7;1008.8;;92;7.8;;3.2;;12.9;309;8.7;9.3;;;;;;1;0;0;0;0;;
17/04/2025 02:50;8.7;1008.6;;92;7.2;;4.8;;12.9;360;8.7;9.3;;;;;;1;0;0;0;0;;
17/04/2025 03:00;8.6;1008.5;-1.3;92;7.2;;3.2;;8;313;8.6;9.3;0.8;1;1.8;2.6;18.6;1.3;0;0;0;0;;
17/04/2025 03:10;8.6;1008.4;-1.4;93;7.8;;3.2;;8;309;8.6;9.3;;;;;;1.3;0;0;0;0;;
17/04/2025 03:20;8.6;1008.5;-1.3;93;7.8;;4.8;;16.1;317;8.6;9.3;;;;;;1.3;0;0;0;0;;
17/04/2025 03:30;8.6;1008.5;-1.3;93;7.8;;4.8;;14.5;295;8.6;9.3;;;;;;1.3;0;0;0;0;;
17/04/2025 03:40;8.6;1008.6;-1.2;93;7.8;;4.8;;12.9;315;8.6;9.3;;;;;;1.3;0;0;0;0;;
17/04/2025 03:50;8.7;1008.4;-1.4;93;7.8;;3.2;;9.7;302;8.6;9.3;;;;;;1.3;0;0;0;0;;
17/04/2025 04:00;8.7;1008.5;-0.8;93;7.8;;3.2;;14.5;308;8.6;9.3;0.2;1.2;1.5;2.8;15;1.5;0;0;0;0;;
17/04/2025 04:10;8.6;1008.5;-0.8;93;7.8;;4.8;;14.5;301;8.6;9.3;;;;;;1.5;0;0;0;0;;
17/04/2025 04:20;8.6;1008.5;-0.8;93;7.8;;1.6;;8;311;8.6;9.3;;;;;;1.5;0;0;0;0;;
17/04/2025 04:30;8.6;1008.6;-0.7;93;7.8;;4.8;;16.1;321;8.6;9.3;;;;;;1.5;0;0;0;0;;
17/04/2025 04:40;8.6;1008.6;-0.7;93;7.8;;4.8;;9.7;321;8.6;9.3;;;;;;1.8;0;0;0;0;;
17/04/2025 04:50;8.6;1008.7;-0.6;93;7.8;;3.2;;8;313;8.6;9.3;;;;;;1.8;0;0;0;0;;
17/04/2025 05:00;8.6;1008.8;-0.1;93;7.8;;3.2;;9.7;313;8.6;9.3;0.3;1.3;1.5;3.1;12.2;1.8;0;0;0;0;;
17/04/2025 05:10;8.7;1008.8;-0.1;93;7.8;;4.8;;9.7;313;8.6;9.3;;;;;;2;0;0;0;0;;
17/04/2025 05:20;8.7;1009;0.1;93;7.8;;3.2;;12.9;342;8.6;9.3;;;;;;2;0;0;0;0;;
17/04/2025 05:30;8.7;1008.9;;93;7.8;;4.8;;9.7;300;8.6;9.3;;;;;;2;0;0;5;0;;
17/04/2025 05:40;8.7;1008.9;;93;7.8;;3.2;;11.3;281;8.6;9.3;;;;;;2.3;0;0;7;0;;
17/04/2025 05:50;8.7;1008.9;;93;7.8;;4.8;;14.5;303;8.6;9.3;;;;;;2.3;0;0;9;0;;
17/04/2025 06:00;8.7;1009;0.5;93;7.8;;6.4;;14.5;311;8.6;9.3;0.8;1.3;2.3;3.6;10.7;2.5;0;0;11;0;;
17/04/2025 06:10;8.8;1009;0.5;93;7.8;;4.8;;12.9;336;8.6;9.3;;;;;;2.5;0;0;18;0;;
17/04/2025 06:20;8.7;1009;0.5;93;7.8;;4.8;;12.9;344;8.6;9.3;;;;;;2.5;0;0;25;0;;
17/04/2025 06:30;8.7;1009;0.5;93;7.8;;4.8;;12.9;306;8.6;9.3;;;;;;2.5;0;0;35;0;;
17/04/2025 06:40;8.7;1009;0.5;93;7.8;;4.8;;17.7;301;8.6;9.3;;;;;;2.5;0;0;44;0;;
17/04/2025 06:50;8.7;1009.1;0.6;92;7.8;;8;;19.3;311;8.6;9.3;;;;;;2.8;0;0;47;0;;
17/04/2025 07:00;8.8;1009.1;0.6;92;7.8;;6.4;;19.3;287;8.6;9.3;0.2;1.3;2.5;3.6;9.1;2.8;0;0;67;0;;
17/04/2025 07:10;8.8;1009.1;0.6;92;7.8;;6.4;;17.7;326;8.6;9.3;;;;;;2.8;0;0;42;0;;
17/04/2025 07:20;8.8;1009.1;0.6;92;7.8;;6.4;;16.1;360;8.6;9.3;;;;;;3;0;0;72;0;;
17/04/2025 07:30;8.8;1009.2;0.7;92;7.8;;6.4;;14.5;13;8.6;9.3;;;;;;3;0;0;81;0.5;;
17/04/2025 07:40;8.8;1009.3;0.8;91;7.2;;8;;27.4;5;8.6;9.3;;;;;;3.3;1;1;74;0.5;;
17/04/2025 07:50;8.7;1009.4;0.9;90;7.2;;9.7;;27.4;278;8.6;9.3;;;;;;3.3;1;1;83;0.5;;
17/04/2025 08:00;8.6;1009.7;0.9;90;7.2;;9.7;;22.5;307;8.6;9.3;0.5;1.5;2.8;4.1;7.9;3.3;0;0;88;0.5;;
17/04/2025 08:10;8.7;1009.8;1;90;7.2;;11.3;;29;324;8.6;9.3;;;;;;3.6;0;0;37;0;;
17/04/2025 08:20;8.6;1009.8;1;89;6.7;;11.3;;24.1;325;8.6;9.3;;;;;;3.6;0;0;102;0.6;;
17/04/2025 08:30;8.5;1009.9;1.1;90;7.2;;8;;19.3;26;8.5;9.3;;;;;;3.6;0;0;132;0.8;;
17/04/2025 08:40;8.4;1010;1.2;90;7.2;;8;;25.7;339;8.4;9.3;;;;;;3.6;0;0;123;0.8;;
17/04/2025 08:50;8.4;1010;1.2;90;7.2;;8;;25.7;337;8.4;9.3;;;;;;3.6;0;0;132;0.8;;
17/04/2025 09:00;8.4;1010.1;1.1;90;7.2;;6.4;;24.1;360;8.4;9.3;0.3;1;2.3;4.1;6.6;3.6;0;0;172;1;;
17/04/2025 09:10;8.7;1010;1;90;7.2;;6.4;;19.3;36;8.4;9.3;;;;;;3.6;0;0;193;1.2;;
17/04/2025 09:20;8.7;1010.1;1.1;90;7.2;;8;;20.9;49;8.4;9.3;;;;;;3.8;0;0;178;1.1;;
17/04/2025 09:30;8.8;1010.1;1.1;90;7.2;;6.4;;17.7;28;8.4;9.3;;;;;;3.8;0;0;195;1.3;;
17/04/2025 09:40;8.8;1010.2;1.2;90;7.2;;9.7;;19.3;316;8.4;9.3;;;;;;3.8;0;0;230;1.5;;
17/04/2025 09:50;8.9;1010.2;1.2;89;7.2;;8;;20.9;16;8.4;9.3;;;;;;3.8;0;0;244;1.6;;
17/04/2025 10:00;8.9;1010.3;1.2;88;7.2;;9.7;;27.4;20;8.4;9.3;0.2;1;2.3;3.8;5.6;3.8;0;0;243;1.6;;
17/04/2025 10:10;8.9;1010.2;1.1;88;7.2;;11.3;;27.4;5;8.4;9.3;;;;;;3.8;0;0;255;1.6;;
17/04/2025 10:20;8.9;1010.4;1.3;87;6.7;;11.3;;27.4;316;8.4;9.3;;;;;;3.8;0;0;253;1.6;;
17/04/2025 10:30;9.1;1010.4;1.3;87;7.2;;9.7;;24.1;13;8.4;9.3;;;;;;3.8;0;0;207;1.4;;
17/04/2025 10:40;9.1;1010.4;1.3;87;7.2;;9.7;;22.5;44;8.4;9.3;;;;;;4.1;0;0;186;1.3;;
17/04/2025 10:50;9.1;1010.5;1.4;87;7.2;;9.7;;24.1;5;8.4;9.3;;;;;;4.1;0;0;193;1.3;;
17/04/2025 11:00;9.1;1010.4;0.7;87;7.2;;8;;17.7;347;8.4;9.3;0.3;0.8;2.3;3.8;5.6;4.1;0;0;204;1.4;;
17/04/2025 11:10;9.3;1010.3;0.6;87;7.2;;6.4;;19.3;296;8.4;9.3;;;;;;4.1;0;0;241;1.6;;
17/04/2025 11:20;9.5;1010.3;0.6;87;7.2;;8;;20.9;30;8.4;9.5;;;;;;4.1;0;0;202;1.4;;
17/04/2025 11:30;9.4;1010.2;0.5;86;7.2;;8;;24.1;16;8.4;9.5;;;;;;4.1;0;0;193;1.4;;
17/04/2025 11:40;9.6;1010.1;0.4;86;7.2;;6.4;;22.5;266;8.4;9.6;;;;;;4.1;0;0;213;1.4;;
17/04/2025 11:50;9.8;1010.2;0.5;85;7.2;;8;;20.9;306;8.4;9.8;;;;;;4.1;0;0;176;1.2;;
17/04/2025 12:00;9.8;1010.4;0.3;84;7.2;;8;;17.7;319;8.4;9.9;0;0.5;1.5;3.8;5.4;4.1;0;0;146;1;;
17/04/2025 12:10;9.9;1010.6;0.5;85;7.8;;6.4;;14.5;329;8.4;9.9;;;;;;4.1;0;0;134;0.9;;
17/04/2025 12:20;10.1;1010.8;0.7;85;7.8;;6.4;;19.3;5;8.4;10.1;;;;;;4.1;0;0;179;1.2;;
17/04/2025 12:30;10.3;1011;0.9;85;7.8;;6.4;;17.7;42;8.4;10.3;;;;;;4.1;0;0;171;1.2;;
17/04/2025 12:40;10.3;1011.1;1;84;7.8;;6.4;;16.1;49;8.4;10.4;;;;;;4.1;0;0;160;1.1;;
17/04/2025 12:50;10.3;1011.2;1.1;85;7.8;;6.4;;14.5;26;8.4;10.4;;;;;;4.1;0;0;163;1.1;;
17/04/2025 13:00;10.2;1011.4;1.1;85;7.8;;6.4;;14.5;51;8.4;10.4;0;0.3;1.3;3.8;5.4;4.1;0;0;160;1.1;;
17/04/2025 13:10;10.2;1011.5;1.2;86;7.8;;6.4;;16.1;38;8.4;10.4;;;;;;4.1;0;0;139;1;;
17/04/2025 13:20;10.2;1011.5;1.2;86;7.8;;6.4;;16.1;16;8.4;10.4;;;;;;4.3;0;0;144;1;;
17/04/2025 13:30;10.1;1011.5;1.2;86;7.8;;4.8;;12.9;24;8.4;10.4;;;;;;4.3;0;0;142;1;;
17/04/2025 13:40;10.2;1011.5;1.2;87;8.3;;4.8;;9.7;355;8.4;10.4;;;;;;4.6;0;0;146;1;;
17/04/2025 13:50;10.2;1011.4;1.1;87;8.3;;4.8;;9.7;350;8.4;10.4;;;;;;4.6;0;0;142;0.9;;
17/04/2025 14:00;10.2;1011.7;1.3;86;7.8;;3.2;;9.7;355;8.4;10.4;0.5;0.5;1.3;4.1;5.9;4.6;0;0;134;0.9;;
17/04/2025 14:10;10.4;1011.7;1.3;88;8.3;;1.6;;8;314;8.4;10.4;;;;;;4.6;0;0;132;0.8;;
17/04/2025 14:20;10.4;1011.8;1.4;87;8.3;;1.6;;9.7;314;8.4;10.4;;;;;;4.6;0;0;125;0.8;;
17/04/2025 14:30;10.4;1011.9;1.5;87;8.3;;3.2;;9.7;346;8.4;10.4;;;;;;4.6;0;0;121;0.7;;
17/04/2025 14:40;10.3;1012.1;1.7;85;7.8;;3.2;;9.7;348;8.4;10.4;;;;;;4.6;0;0;109;0.7;;
17/04/2025 14:50;10.3;1012.2;1.8;85;7.8;;4.8;;9.7;336;8.4;10.4;;;;;;4.6;0;0;62;0;;
17/04/2025 15:00;10.2;1012.3;1.9;86;7.8;;4.8;;9.7;355;8.4;10.4;0;0.5;1;3.3;5.9;4.6;0;0;113;0.6;;
17/04/2025 15:10;10.3;1012.4;2;85;7.8;;3.2;;8;28;8.4;10.4;;;;;;4.6;0;0;114;0.6;;
17/04/2025 15:20;10.2;1012.4;2;85;7.8;;3.2;;12.9;355;8.4;10.4;;;;;;4.8;0;0;128;0.7;;
17/04/2025 15:30;10.2;1012.5;2.1;85;7.8;;4.8;;14.5;26;8.4;10.4;;;;;;4.8;0;0;155;0.8;;
17/04/2025 15:40;10.5;1012.6;2.2;87;8.3;;3.2;;9.7;12;8.4;10.5;;;;;;4.8;0;0;146;0.7;;
17/04/2025 15:50;10.5;1012.7;2.3;85;8.3;;4.8;;12.9;360;8.4;10.6;;;;;;4.8;0;0;149;0.7;;
17/04/2025 16:00;10.6;1012.7;1.3;86;8.3;;3.2;;6.4;360;8.4;10.6;0.2;0.7;1;3.3;6.1;4.8;0;0;134;0.6;;
17/04/2025 16:10;10.6;1012.8;1.4;86;8.3;;3.2;;8;360;8.4;10.6;;;;;;4.8;0;0;49;0;;
17/04/2025 16:20;10.4;1012.9;1.5;86;8.3;;4.8;;9.7;13;8.4;10.6;;;;;;5.1;0;0;33;0;;
17/04/2025 16:30;10.2;1013;1.6;87;8.3;;4.8;;14.5;39;8.4;10.6;;;;;;5.1;0;0;63;0;;
17/04/2025 16:40;10;1013.1;1.7;87;7.8;;4.8;;14.5;338;8.4;10.6;;;;;;5.1;0;0;35;0;;
17/04/2025 16:50;9.8;1013.1;1.7;87;7.8;;3.2;;12.9;329;8.4;10.6;;;;;;5.1;0;0;42;0;;
17/04/2025 17:00;9.7;1013.2;1.5;88;7.8;;4.8;;12.9;340;8.4;10.6;0.3;0.5;1;3.3;6.4;5.1;0;0;35;0;;
17/04/2025 17:10;9.7;1013.4;1.7;88;7.8;;4.8;;9.7;9;8.4;10.6;;;;;;5.1;0;0;14;0;;
17/04/2025 17:20;9.6;1013.5;1.8;88;7.8;;3.2;;8;17;8.4;10.6;;;;;;5.3;0;0;11;0;;
17/04/2025 17:30;9.5;1013.6;1.9;89;7.8;;3.2;;11.3;294;8.4;10.6;;;;;;5.3;0;0;12;0;;
17/04/2025 17:40;9.5;1013.8;2.1;89;7.8;;3.2;;12.9;347;8.4;10.6;;;;;;5.6;0;0;14;0;;
17/04/2025 17:50;9.3;1014;2.3;89;7.8;;3.2;;8;355;8.4;10.6;;;;;;5.6;0;0;16;0;;
17/04/2025 18:00;9.2;1014;1.7;89;7.8;;3.2;;6.4;15;8.4;10.6;0.5;1;1.5;3;6.6;5.6;0;0;16;0;;
17/04/2025 18:10;9.2;1014.1;1.8;89;7.8;;3.2;;9.7;17;8.4;10.6;;;;;;5.6;0;0;11;0;;
17/04/2025 18:20;9.1;1014.1;1.8;89;7.2;;3.2;;9.7;9;8.4;10.6;;;;;;5.6;0;0;5;0;;
17/04/2025 18:30;9;1014.3;2;89;7.2;;4.8;;9.7;12;8.4;10.6;;;;;;5.8;0;0;0;0;;
17/04/2025 18:40;8.9;1014.3;2;89;7.2;;3.2;;8;18;8.4;10.6;;;;;;5.8;0;0;0;0;;
17/04/2025 18:50;8.9;1014.5;2.2;89;7.2;;3.2;;8;15;8.4;10.6;;;;;;5.8;0;0;0;0;;
17/04/2025 19:00;8.8;1014.6;1.9;90;7.2;;4.8;;9.7;17;8.4;10.6;0.3;1.1;1.8;3.1;6.7;5.8;0;0;0;0;;
17/04/2025 19:10;8.8;1014.7;2;90;7.2;;3.2;;12.9;351;8.4;10.6;;;;;;5.8;0;0;0;0;;
17/04/2025 19:20;8.7;1014.6;1.9;90;7.2;;4.8;;14.5;5;8.4;10.6;;;;;;5.8;0;0;0;0;;
17/04/2025 19:30;8.6;1014.7;2;89;7.2;;3.2;;9.7;347;8.4;10.6;;;;;;5.8;0;0;0;0;;
17/04/2025 19:40;8.6;1014.8;2.1;89;6.7;;4.8;;12.9;305;8.4;10.6;;;;;;5.8;0;0;0;0;;
17/04/2025 19:50;8.6;1014.8;2.1;89;6.7;;4.8;;12.9;340;8.4;10.6;;;;;;5.8;0;0;0;0;;
17/04/2025 20:00;8.4;1014.9;1.7;88;6.7;;3.2;;6.4;335;8.4;10.6;0;0.8;1.3;2.6;6.7;5.8;0;0;0;0;;
17/04/2025 20:10;8.4;1014.8;1.6;89;6.7;;1.6;;8;333;8.4;10.6;;;;;;5.8;0;0;0;0;;
17/04/2025 20:20;8.3;1015.1;1.9;89;6.7;;1.6;;6.4;333;8.3;10.6;;;;;;5.8;0;0;0;0;;
17/04/2025 20:30;8.3;1015.2;2;89;6.7;;3.2;;8;335;8.3;10.6;;;;;;5.8;0;0;0;0;;
17/04/2025 20:40;8.3;1015.1;1.9;89;6.7;;3.2;;8;343;8.3;10.6;;;;;;5.8;0;0;0;0;;
17/04/2025 20:50;8.3;1015.2;2;89;6.7;;1.6;;4.8;343;8.3;10.6;;;;;;5.8;0;0;0;0;;
17/04/2025 21:00;8.3;1015.2;1.2;89;6.7;;1.6;;6.4;342;8.3;10.6;0;0.3;1.3;2.3;6.4;5.8;0;0;0;0;;
17/04/2025 21:10;8.3;1015.2;1.2;90;6.7;;0;;4.8;342;8.3;10.6;;;;;;5.8;0;0;0;0;;
17/04/2025 21:20;8.2;1015.2;1.2;90;6.7;;1.6;;4.8;342;8.2;10.6;;;;;;5.8;0;0;0;0;;
17/04/2025 21:30;8.2;1015.2;1.2;90;6.7;;1.6;;6.4;342;8.2;10.6;;;;;;5.8;0;0;0;0;;
17/04/2025 21:40;8.2;1015.4;1.4;90;6.7;;1.6;;4.8;342;8.2;10.6;;;;;;5.8;0;0;0;0;;
17/04/2025 21:50;8.1;1015.4;1.4;90;6.7;;1.6;;6.4;342;8.1;10.6;;;;;;5.8;0;0;0;0;;
17/04/2025 22:00;8.1;1015.4;0.8;90;6.7;;1.6;;6.4;342;8.1;8.1;0;;1.1;2.1;5.9;0;0;0;0;0;;
17/04/2025 22:10;8;1015.4;0.8;91;6.7;;0;;3.2;342;8;8.1;;;;;;0;0;0;0;0;;
17/04/2025 22:20;7.9;1015.5;0.9;91;6.7;;3.2;;6.4;341;7.9;8.1;;;;;;0;0;0;0;0;;
17/04/2025 22:30;7.9;1015.6;1;91;6.7;;3.2;;6.4;341;7.9;8.1;;;;;;0;0;0;0;0;;
17/04/2025 22:40;7.9;1015.6;1;91;6.7;;3.2;;6.4;341;7.9;8.1;;;;;;0;0;0;0;0;;
17/04/2025 22:50;7.9;1015.6;1;91;6.7;;0;;3.2;341;7.9;8.1;;;;;;0;0;0;0;0;;
17/04/2025 23:00;7.9;1015.7;0.8;91;6.7;;0;;0;341;7.9;8.1;0;;0.8;1.8;5.6;0;0;0;0;0;;
17/04/2025 23:10;8;1015.7;0.8;91;6.7;;1.6;;4.8;341;7.9;8.1;;;;;;0;0;0;0;0;;
17/04/2025 23:20;7.9;1015.7;0.8;91;6.7;;0;;4.8;341;7.9;8.1;;;;;;0;0;0;0;0;;
17/04/2025 23:30;7.9;1015.8;0.9;91;6.7;;0;;3.2;341;7.9;8.1;;;;;;0;0;0;0;0;;
17/04/2025 23:40;7.9;1015.9;1;91;6.7;;1.6;;3.2;341;7.9;8.1;;;;;;0;0;0;0;0;;
17/04/2025 23:50;7.8;1016;1.1;92;6.7;;1.6;;3.2;341;7.8;8.1;;;;;;0;0;0;0;0;;
18/04/2025 00:00;7.8;1016.1;;92;6.7;;0;;4.8;341;7.8;8.1;0;;0.3;1.8;5.6;0;0;0;0;0;;
18/04/2025 00:10;7.7;1016.1;;92;6.7;;0;;0;341;7.7;8.1;;;;;;0;0;0;0;0;;
18/04/2025 00:20;7.6;1016.1;;92;6.7;;0;;0;341;7.6;8.1;;;;;;0;0;0;0;0;;
18/04/2025 00:30;7.6;1016.1;;92;6.7;;0;;0;341;7.6;8.1;;;;;;0;0;0;0;0;;
18/04/2025 00:40;7.4;1016.1;;92;6.1;;0;;0;341;7.4;8.1;;;;;;0;0;0;0;0;;
18/04/2025 00:50;7.3;1016;;92;6.1;;0;;0;341;7.3;8.1;;;;;;0;0;0;0;0;;
18/04/2025 01:00;7.2;1015.9;;92;6.1;;0;;0;341;7.2;8.1;0;;;1.8;5.6;0;0;0;0;0;;
18/04/2025 01:10;7.1;1015.8;;92;6.1;;0;;0;341;7.1;8.1;;;;;;0;0;0;0;0;;
18/04/2025 01:20;6.9;1015.8;;92;5.6;;0;;0;341;6.9;8.1;;;;;;0;0;0;0;0;;
18/04/2025 01:30;6.7;1015.8;;92;5.6;;0;;0;341;6.7;8.1;;;;;;0;0;0;0;0;;
18/04/2025 01:40;6.4;1015.8;;92;5.6;;0;;0;341;6.4;8.1;;;;;;0;0;0;0;0;;
18/04/2025 01:50;6.2;1015.7;;92;5;;1.6;;3.2;341;6.2;8.1;;;;;;0;0;0;0;0;;
18/04/2025 02:00;5.9;1015.7;;92;5;;0;;0;341;5.9;8.1;0;;;1.3;5.4;0;0;0;0;0;;
18/04/2025 02:10;5.7;1015.7;;92;4.4;;0;;0;341;5.7;8.1;;;;;;0;0;0;0;0;;
18/04/2025 02:20;5.6;1015.7;;93;4.4;;0;;0;341;5.6;8.1;;;;;;0;0;0;0;0;;
18/04/2025 02:30;5.7;1015.7;;93;4.4;;0;;0;341;5.6;8.1;;;;;;0;0;0;0;0;;
18/04/2025 02:40;5.5;1015.6;;93;4.4;;0;;0;341;5.5;8.1;;;;;;0;0;0;0;0;;
18/04/2025 02:50;5.3;1015.5;;93;4.4;;0;;0;341;5.3;8.1;;;;;;0;0;0;0;0;;
18/04/2025 03:00;5.2;1015.5;-0.6;93;4.4;;0;;0;341;5.2;8.1;0;;;1.3;4.6;0;0;0;0;0;;
18/04/2025 03:10;5.1;1015.5;-0.6;93;3.9;;0;;0;341;5.1;8.1;;;;;;0;0;0;0;0;;
18/04/2025 03:20;4.9;1015.7;-0.4;93;3.9;;0;;0;341;4.9;8.1;;;;;;0;0;0;0;0;;
18/04/2025 03:30;4.8;1015.8;-0.3;94;3.9;;0;;0;341;4.8;8.1;;;;;;0;0;0;0;0;;
18/04/2025 03:40;4.9;1015.7;-0.4;94;3.9;;0;;0;341;4.8;8.1;;;;;;0;0;0;0;0;;
18/04/2025 03:50;5;1015.7;-0.4;94;3.9;;0;;0;341;4.8;8.1;;;;;;0;0;0;0;0;;
18/04/2025 04:00;4.9;1015.7;-0.2;94;3.9;;0;;0;341;4.8;8.1;0;;;1.1;4.4;0;0;0;0;0;;
18/04/2025 04:10;4.8;1015.6;-0.3;94;3.9;;0;;0;341;4.8;8.1;;;;;;0;0;0;0;0;;
18/04/2025 04:20;4.6;1015.6;-0.3;94;3.9;;0;;0;341;4.6;8.1;;;;;;0;0;0;0;0;;
18/04/2025 04:30;4.5;1015.7;-0.2;94;3.9;;0;;0;341;4.5;8.1;;;;;;0;0;0;0;0;;
18/04/2025 04:40;4.4;1015.9;;94;3.3;;0;;0;341;4.4;8.1;;;;;;0;0;0;0;0;;
18/04/2025 04:50;4.3;1016;0.1;94;3.3;;0;;0;341;4.3;8.1;;;;;;0;0;0;5;0;;
18/04/2025 05:00;4.2;1015.8;0.1;94;3.3;;0;;0;341;4.2;8.1;0;;;0.8;4.1;0;0;0;9;0;;
18/04/2025 05:10;4.1;1015.9;0.2;94;3.3;;0;;0;341;4.1;8.1;;;;;;0;0;0;14;0;;
18/04/2025 05:20;4.1;1016;0.3;94;3.3;;0;;0;341;4.1;8.1;;;;;;0;0;0;18;0;;
18/04/2025 05:30;4.1;1015.9;0.2;94;3.3;;0;;0;341;4;8.1;;;;;;0;0;0;21;0;;
18/04/2025 05:40;4.1;1016;0.3;95;3.3;;0;;0;341;4;8.1;;;;;;0;0;0;25;0;;
18/04/2025 05:50;4.4;1016.1;0.4;95;3.9;;0;;0; ;4;8.1;;;;;;0;0;0;28;0;;
18/04/2025 06:00;4.9;1016.2;0.7;96;4.4;;0;;0;341;4;8.1;0;;;0.3;3.3;0;0;0;32;0;;
18/04/2025 06:10;5.8;1016.3;0.8;96;5;;3.2;;6.4;341;4;8.1;;;;;;0;0;0;118;0;;
18/04/2025 06:20;6.1;1016.3;0.8;95;5.6;;4.8;;8;341;4;8.1;;;;;;0;0;0;128;0.5;;
18/04/2025 06:30;6.4;1016.2;0.7;95;5.6;;1.6;;4.8;341;4;8.1;;;;;;0;0;0;200;0.6;;
18/04/2025 06:40;7.1;1016.2;0.7;96;6.7;;1.6;;4.8;341;4;8.1;;;;;;0;0;0;232;0.7;;
18/04/2025 06:50;7.8;1016.2;0.7;96;7.2;;0;;4.8;341;4;8.1;;;;;;0;0;0;260;0.8;;
18/04/2025 07:00;8.5;1016.3;0.6;95;7.8;;3.2;;4.8;341;4;8.5;0;;;;3.1;0;0;0;288;0.9;;
18/04/2025 07:10;9;1016.1;0.4;94;8.3;;1.6;;4.8;341;4;9;;;;;;0;0;0;322;1.1;;
18/04/2025 07:20;9.2;1016.1;0.4;91;7.8;;0;;0;341;4;9.2;;;;;;0;0;0;353;1.2;;
18/04/2025 07:30;9.8;1016;0.3;88;7.8;;0;;0;341;4;9.8;;;;;;0;0;0;381;1.3;;
18/04/2025 07:40;10.2;1016.1;0.4;84;7.8;;0;;3.2;341;4;10.2;;;;;;0;0;0;410;1.6;;
18/04/2025 07:50;11.1;1016;0.3;80;7.8;;0;;0;341;4;11.1;;;;;;0;0;0;438;1.7;;
18/04/2025 08:00;11.3;1015.9;0.1;77;7.2;;0;;6.4;341;4;11.3;0;;;;2.6;0;0;0;464;1.9;;
